1.  SEDAN TYPE PRODUCTION                `JAN-DEC 2024,,,,,,,,,,,,,,,,,,,,,,,,,,,,,,,,,,,,,
CATEGORY,,SPECIFICATION,,,,,,,,,,,,,,,,,,,,,MONTH,,,,,,,,,,,,Segmt Share,Sedan Share,
,,BRAND,ASSEMBLER,TYPE / MODEL,CC,TRANS,"FUEL
(G/D)","TANK
CAPT","GVW
(Kg)",GEAR RATIO,WHEEL & TYRE SIZE,PS / HP,BASE,P x L x T,SEATER,DRIVE SYS.,,SPEED,DOOR,WHEELS,CBU,"ORIGIN
COUNTRY",JAN,FEB,MAR,APR,MAY,JUN,JUL,AUG,SEP,OCT,NOV,DEC,,,
,,,,,,,,,,,,,,,,,,,,,,,,,,,,,,,,,,,,,
SEDAN,CC < 1.500 [G/D],MERCEDES-BENZ PC,PT. Mercedes Benz Indonesia,C 200 AVA Line (W206),"1,496",AT,G,66,-,9,-,254,-,-,4,4X2,FR,-,4,4,CKD,IND,17,50,4,25,22,54,43,1,-,-,-,-,45.6%,8.4%,216
,,BMW,PT. Gaya Motor,218i  Gran Coupe,"1,499",AT,G,50,"1,905",-,225/45 R17 94Y,140,"2,670",4526 x 1800 x 1420,-,4X2,FF,-,-,4,CKD,INA,24,40,7,1,1,-,23,25,22,27,59,29,54.4%,10.1%,258
,,TOTAL,,,,,,,,,,,,,,,,,,,,,41,90,11,26,23,54,66,26,22,27,59,29,100%,18%,474
,,CUMMULATIVE,,,,,,,,,,,,,,,,,,,,,41,131,142,168,191,245,311,337,359,386,445,474,,,
,,,,,,,,,,,,,,,,,,,,,,,,,,,,,,,,,,,,,
,CC 1.501 - 3.000 [G],BMW,PT. Gaya Motor,320i  CKD-A7 A/T,"1,998",AT,G,59,"2,070",-,225/45 R18 95Y; 255/40 R18 99Y,184,"2,851",4713 x 1827 x 1440,5,4X2,FR,-,4,4,CKD,INA,38,18,22,22,27,25,47,24,6,23,18,6,13.2%,10.8%,276
,,,,330i  CKD B7 A/T,"1,998",AT,G,59,"2,050",-,225/45 R18 95Y,184,"2,851",4709 x 1827 x 1435,-,4X2,FR,-,-,4,CKD,INA,50,52,58,2,5,41,24,73,11,33,2,21,17.8%,14.5%,372
,,,,520i  G30 CKD AT,"1,998",AT,G,68,"2,285",-,245/40 R19 98Y; 275/35 R19 100Y,184,"2,975",4963 x 1868 x 1479,-,4X2,FR,-,-,4,CKD,INA,1,-,-,-,-,-,-,-,-,-,-,-,0.0%,0.0%,1
,,,,520i  G60 CKD A/T,"1,998",AT,G,60,"2,335",-,-,190,"2,995",5060 x1 900 x 1515,5,4X2,FR,-,-,4,CKD,INA,-,-,-,-,39,24,44,61,120,43,1,47,18.1%,14.8%,379
,,,,735i  Limousine RHD A/T,"2,998",AT,G,-,-,-,-,-,-,-,-,4X2,-,-,-,-,-,-,14,6,8,18,33,11,36,24,25,30,14,28,11.8%,9.6%,247
,,MERCEDES-BENZ PC,PT. Mercedes Benz Indonesia,A 200,"1,991",AT,G,41,"2,030",7,225/50 R17,184,"2,840","4,686 x 2,020 x 1,442",5,4X2,FR,-,4,4,CKD,IND,24,-,22,-,1,-,1,12,8,24,3,1,4.6%,3.7%,96
,,,,AMG A 35 4MATIC (V177),"1,556",AT,G,50,"1,920",7,225/40 R18,156,"2,669","4,669 x 2,032 x 1,427",5,4X2,FF,-,4,4,CKD,IND,-,1,22,10,12,2,1,-,-,-,-,-,2.3%,1.9%,48
,,,,E 300 AMG,"1,991",AT,G,66,"2,295",9,"245/40, 275/35 R19",258,"2,939","4,702 x 2,065 x 1,452",5,4X2,FR,-,4,4,CKD,IND,1,-,-,-,-,-,-,-,-,-,-,-,0.0%,0.0%,1
,,,,E 200 (W214) CKD,"1,998",AT,G,66,-,9,-,204,-,-,4,4X2,RR,-,4,4,CKD,-,-,-,-,-,-,-,-,66,69,27,6,-,8.0%,6.5%,168
,,,,E 300 (W214) CKD,"1,998",AT,G,66,-,9,-,258,-,-,4,4X2,RR,-,4,4,CKD,-,-,-,-,-,-,-,18,40,12,79,16,3,8.0%,6.5%,168
,,,,S 450,"2,996",AT,G,80,"2,700",9,"245/45, 275/40 R19",367,"3,165","5,255 x 2,130 x 1,494",5,4X2,FR,-,4,4,CKD,IND,41,7,13,8,16,3,7,-,1,-,-,-,4.6%,3.7%,96
,,,,C 300 AMG Line (W206),"1,998",AT,G,66,-,-,-,-,-,-,4,4X2,FR,-,4,4,CKD,IND,48,23,49,35,51,6,3,23,1,1,-,-,11.5%,9.4%,240
,,TOTAL,,,,,,,,,,,,,,,,,,,,,217,107,194,95,184,112,181,323,253,260,60,106,100%,82%,"2,092"
,,CUMMULATIVE,,,,,,,,,,,,,,,,,,,,,217,324,518,613,797,909,"1,090","1,413","1,666","1,926","1,986","2,092",,,
,,,,,,,,,,,,,,,,,,,,,,,,,,,,,,,,,,,,,
,"CC > 3.001 [G]
/ 2.501 [D]",,,,,,,,,,,,,,,,,,,,,,,,,,,,,,,,,,#DIV/0!,0.0%,-
,,,,,,,,,,,,,,,,,,,,,,,,,,,,,,,,,,,#DIV/0!,0.0%,-
,,TOTAL,,,,,,,,,,,,,,,,,,,,,-,-,-,-,-,-,-,-,-,-,-,-,#DIV/0!,0%,-
,,CUMMULATIVE,,,,,,,,,,,,,,,,,,,,,-,-,-,-,-,-,-,-,-,-,-,-,100%,,
SEDAN PRODUCTION TOTAL  SEDAN PRODUCTION CUMULATIVE,,,,,,,,,,,,,,,,,,,,,,,,,,,,,,,,,,,,,
,,,,,,,,,,,,,,,,,,,,,,,258,197,205,121,207,166,247,349,275,287,119,135,"2.566
0,2%",,
,,,,,,,,,,,,,,,,,,,,,,,258,455,660,781,988,"1,154","1,401","1,750","2,025","2,312","2,431","2,566",,,
,,,,,,,,,,,,,,,,,,,,,,,,,,,,,,,,,,,,,
4X2 TYPE PRODUCTION,,,,,,,,,,,,,,,,,,,,,,,,,,,,,,,,,,,,,
CATEGORY,,BRAND,ASSEMBLER,MODEL/TYPE,CC,TRANS,FUEL,"KAPT.
TANG.","GVW
(Kg)",GEAR RATIO,WHEEL & TYRE SIZE,PS/HP,WHEEL BASE,"DIMENSION                  P x L
x T",SEATER,DRIVE SYS.,,SPEED,DOOR,WHEEL,CKD,"ORIGIN
COUNTRY",JAN,FEB,MAR,APR,MAY,JUN,JUL,AUG,SEP,OCT,NOV,DEC,"Segmt
Share","4X2
Share",TOTAL 2024
4X2 TYPE,CC < 1.500 [G/D],DAIHATSU,PT. Astra Daihatsu Motor,All  New Xenia 1.3 M  MT,"1,329",MT,G,43,"1,705","5,545",185/65R15,97,"2,750",4395X1730X1690,7,4X2,FF,-,5,4,CKD,INA,16,10,13,22,20,24,-,-,12,-,-,-,0.0%,0.0%,117
,,,,All  New Xenia 1.3 X MT,"1,329",MT,G,43,"1,705","5,545",185/65R15,97,"2,750",4395X1730X1690,7,4X2,FF,-,5,4,CKD,INA,488,409,359,284,352,327,161,237,174,133,106,137,0.5%,0.4%,"3,167"
,,,,All  New Xenia 1.3 X CVT,"1,329",AT,G,43,"1,705","5,105",185/65R15,97,"2,750",4395X1730X1690,7,4X2,FF,-,5,4,CKD,INA,50,100,184,99,114,112,136,154,68,65,56,97,0.2%,0.2%,"1,235"
,,,,All  New Xenia 1.3 R MT,"1,329",MT,G,43,"1,705","5,545",185/65R15,97,"2,750",4395X1730X1690,7,4X2,FF,-,5,4,CKD,INA,300,456,255,146,183,133,-,287,-,126,96,155,0.3%,0.3%,"2,137"
,,,,All  New Xenia 1.3 R CVT,"1,329",AT,G,43,"1,705","5,105",185/65R15,97,"2,750",4395X1730X1690,7,4X2,FF,-,5,4,CKD,INA,237,261,254,136,170,132,70,106,89,125,128,248,0.3%,0.2%,"1,956"
,,,,All  New Xenia 1.5 R MT,"1,496",MT,G,43,"1,705","5,077",195/60R16,106,"2,750",4395X1730X1700,7,4X2,FF,-,5,4,CKD,INA,45,55,63,34,41,35,149,-,166,-,-,-,0.1%,0.1%,588
,,,,All  New Xenia 1.5 R CVT,"1,496",AT,G,43,"1,705","5,105",195/60R16,106,"2,750",4395X1730X1700,7,4X2,FF,-,5,4,CKD,INA,90,68,63,60,60,51,41,73,55,68,24,59,0.1%,0.1%,712
,,,,All  New Xenia 1.5 R ASA CVT,"1,496",AT,G,43,"1,705","5,105",195/60R16,106,"2,750",4395X1730X1700,7,4X2,FF,-,5,4,CKD,INA,14,3,5,3,5,-,1,-,12,-,-,-,0.0%,0.0%,43
,,,,Rocky 1.0 R ASA CVT,998,AT,G,36,"1,680","5,105",205/60/R17,98,"2,525",4030X1710X1635,5,4X2,FR,-,5,4,CKD,INA,3,3,3,3,3,12,-,-,12,-,-,-,0.0%,0.0%,39
,,,,Rocky 1.0 R CVT,998,AT,G,36,"1,680","5,105",205/60/R17,98,"2,525",4030X1710X1635,5,4X2,FR,-,5,4,CKD,INA,8,30,25,4,6,28,47,20,15,11,15,14,0.0%,0.0%,223
,,,,Rocky 1.0 R MT,998,MT,G,36,"1,680","5,462",205/60/R17,98,"2,525",4030X1710X1635,5,4X2,FR,-,5,4,CKD,INA,3,3,11,5,5,12,-,-,-,9,3,-,0.0%,0.0%,51
,,,,Rocky 1.2 X CVT,"1,200",AT,G,36,"1,680","5,105",205/65/R16,88,"2,525",4030X1710X1635,5,4X2,FR,-,5,4,CKD,INA,103,129,244,211,189,313,410,195,197,215,287,291,0.4%,0.3%,"2,784"
,,,,Rocky 1.2 X MT,"1,200",MT,G,36,"1,680","5,462",205/65/R16,88,"2,525",4030X1710X1635,5,4X2,FR,-,5,4,CKD,INA,56,35,90,34,139,94,92,162,77,66,92,83,0.2%,0.1%,"1,020"
,,,,Rocky 1.2 M  CVT,"1,200",AT,G,36,"1,680","5,105",205/65/R16,88,"2,525",4030X1710X1635,5,4X2,FR,-,5,4,CKD,INA,17,25,6,6,26,12,12,-,-,-,-,-,0.0%,0.0%,104
,,,,Rocky 1.2 M  MT,"1,200",MT,G,36,"1,680","5,462",205/65/R16,88,"2,525",4030X1710X1635,5,4X2,FR,-,5,4,CKD,INA,8,11,5,5,13,12,12,-,-,-,-,12,0.0%,0.0%,78
,,,,Luxio 1.5 D (New),"1,495",MT,G,43,"1,290","5,152",195/65R15,97,"2,650",4215X1710X1915,8,4X2,FR,-,5,4,CKD,INA,50,25,31,17,75,76,67,62,48,67,55,56,0.1%,0.1%,629
,,,,Luxio 1.5 X MT  (New),"1,298",MT,G,45,"1,320","5,152",195/65R15,97,"2,650",4215X1710X1915,8,4X2,FR,-,5,4,CKD,INA,109,124,132,53,127,122,149,153,127,131,124,115,0.2%,0.2%,"1,466"
,,,,Luxio 1.5 X AT  (New),"1,495",AT,G,43,"1,320","5,152",195/65R15,97,"2,650",4215X1710X1915,8,4X2,FR,-,5,4,CKD,INA,54,48,35,24,75,57,64,51,54,46,70,69,0.1%,0.1%,647
,,,,Luxio 1.5 AK MT,"1,495",MT,G,43,"1,320","5,152",195/65R15,97,"2,650",4215X1710X1915,2,4X2,FR,-,5,4,CKD,INA,5,5,4,4,4,15,4,10,5,10,2,10,0.0%,0.0%,78
,,,,All  New Terios Ids X Mt (Mc 2023),"1,496",MT,G,45,"1,870","5,571",215/65/R16,104,"2,685",4455X1695X1705,7,4X2,FR,-,5,4,CKD,INA,"1,011","1,137","1,035",638,634,522,554,740,789,765,757,788,1.4%,1.2%,"9,370"
,,,,All  New Terios Ids X At (Mc 2023),"1,496",AT,G,45,"1,870","5,857",215/65/R16,104,"2,685",4455X1695X1706,7,4X2,FR,-,5,4,CKD,INA,255,302,469,215,211,196,202,251,253,276,307,271,0.5%,0.4%,"3,208"
,,,,All  New Terios Ids R Mt (Mc 2023),"1,496",MT,G,45,"1,870","5,571",215/60/R17,104,"2,685",4455X1695X1707,7,4X2,FR,-,5,4,CKD,INA,448,256,320,176,236,227,197,204,214,187,170,223,0.4%,0.4%,"2,858"
,,,,All  New Terios Ids R At (Mc 2023),"1,496",AT,G,45,"1,870","5,857",215/60/R17,104,"2,685",4455X1695X1708,7,4X2,FR,-,5,4,CKD,INA,157,200,148,129,152,118,106,122,95,83,75,85,0.2%,0.2%,"1,470"
,,,,All  New Terios Ids Custom  Mt (Mc 2023),"1,496",MT,G,45,"1,870","5,571",215/60/R17,104,"2,685",4455X1695X1709,7,4X2,FR,-,5,4,CKD,INA,46,49,61,46,38,39,40,46,45,32,46,32,0.1%,0.1%,520
,,,,All  New Terios Ids Custom  At (Mc 2023),"1,496",AT,G,45,"1,870","5,857",215/60/R17,104,"2,685",4455X1695X1710,7,4X2,FR,-,5,4,CKD,INA,55,60,54,26,41,24,21,20,20,14,22,19,0.1%,0.0%,376
,,,,Gran Max BV 1.3,"1,298",MT,G,43,"2,000","5,125",165R1308PR,88,"2,650",4045X1665X1900,2,4X2,FR,-,5,4,CKD,INA,596,499,516,292,939,"1,396",464,271,843,"1,203",764,"1,039",1.3%,1.1%,"8,822"
,,,,"Gran Max BV 1,5","1,500",MT,G,43,"2,000","5,125",165R1308PR,88,"2,650",4045X1665X1900,2,4X2,FR,-,5,4,CKD,INA,-,-,1,3,74,-,-,-,-,13,270,-,0.1%,0.0%,361
,,,,Gran Max MB 1.3 HI,"1,298",MT,G,43,"1,840","5,125",165R1308PR,88,"2,650",4045X1665X1900,9,4X2,FR,-,5,4,CKD,INA,176,193,105,88,345,396,266,57,122,200,114,246,0.3%,0.3%,"2,308"
,,,,Gran Max MB 1.3 HI   FF,"1,298",MT,G,43,"1,840","5,125",165R1308PR,88,"2,650",4045X1665X1900,8,4X2,FR,-,5,4,CKD,INA,40,45,24,25,78,121,48,20,79,80,46,65,0.1%,0.1%,671
,,,,Gran Max MB 1.5 HI,"1,500",MT,G,43,"1,840","4,875",165R1308PR,88,"2,650",4045X1665X1900,9,4X2,FR,-,5,4,CKD,INA,90,117,55,69,192,273,55,42,166,250,74,150,0.2%,0.2%,"1,533"
,,,,Bongo Van (Export),"1,495",MT,G,43,"2,100","5,125",175R1308PR,97,"2,650",4149X1665X1850,3,4X2,FR,-,2,4,CKD,INA,-,-,-,-,-,28,155,232,81,-,-,-,0.1%,0.1%,496
,,CHERY,PT Handal Indonesia Motor,Tiggo 7 Pro Premium,"1,500",AT,G,51,-,-,-,-,"2,670",4500X1842X1746,5,4X2,-,-,5,4,CKD,INA,-,-,-,-,-,-,-,-,-,1,-,-,0.0%,0.0%,1
,,,,Tiggo 7 Pro Luxury,"1,500",AT,G,51,-,-,-,-,"2,670",4500X1842X1746,5,4X2,-,-,5,4,CKD,INA,1,-,-,-,-,-,-,-,-,-,-,-,0.0%,0.0%,1
,,,,Omda 5 Z,"1,500",CVT,G,-,-,-,-,-,-,-,5,4X2,-,-,5,4,CKD,INA,66,-,1,-,-,-,-,-,-,-,-,-,0.0%,0.0%,67
,,,,Gt,"1,500",CVT,G,-,-,-,-,-,-,-,5,4X2,-,-,5,4,CKD,INA,118,4,-,-,24,26,2,6,1,1,-,-,0.0%,0.0%,182
,,,,Omda E5 Pure,"1,500",CVT,G,-,-,-,-,-,-,-,5,4X2,-,-,5,4,CKD,INA,-,-,-,-,-,-,-,-,115,232,3,4,0.1%,0.0%,354
,,,,Omda 5 Rz,"1,500",CVT,G,-,-,-,-,-,-,-,5,4X2,-,-,5,4,CKD,INA,5,1,-,-,1,-,-,-,1,-,-,-,0.0%,0.0%,8
,,,,Omda E5,"1,500",CVT,G,-,-,-,-,-,-,-,5,4X2,-,-,5,4,CKD,INA,-,273,692,412,767,780,794,500,299,215,1,15,0.7%,0.6%,"4,748"
,,,,iCar 03 RWD,-,CVT,BEV,-,-,-,-,-,-,-,5,4X2,-,-,5,4,CKD,INA,-,-,-,-,-,-,-,-,-,-,89,206,0.0%,0.0%,295
,,,,Tiggo 5X   Classic,"1,500",CVT,G,-,-,-,-,-,-,-,5,4X2,-,-,5,4,CKD,INA,-,-,-,49,2,2,59,-,-,-,-,1,0.0%,0.0%,113
,,,,Tiggo 5X   Champion,"1,500",CVT,G,-,-,-,-,-,-,-,5,4X2,-,-,5,4,CKD,INA,-,-,47,7,7,110,193,290,116,52,2,2,0.1%,0.1%,826
,,BMW,PT. Gaya Motor,X1 sDrive18i  U11 A7 A/T,"1,499",AT,G,45,"2,075",-,225/55 R18 102Y,156,"2,692",4500 x 1845 x 1642,-,4X2,FF,-,-,4,CKD,INA,60,25,2,47,84,89,50,85,51,72,71,42,0.1%,0.1%,678
,,MINI,PT. Gaya Motor,Cooper Countryman F60 CKD AT,"1,499",AT,G,61,"1,990",-,225/50 R18 95W,136,"2,670",4297 x 1822 x 1557,-,4X2,FF,-,-,4,CKD,INA,5,1,-,-,-,-,-,-,-,-,-,-,0.0%,0.0%,6
,,NETA,PT Handal Indonesia Motor,NETA V-II EV,-,AT,BEV,-,"2,135",-,225/60R18,160,"2,770",4619x1860x1628,5,4X2,FF,-,5,4,CKD,INA,-,-,-,-,-,168,504,186,78,85,-,-,0.2%,0.1%,"1,021"
,,,,NETA X EV 400 ELITE,-,AT,BEV,-,"2,135",-,225/60R18,160,"2,770",4619x1860x1628,5,4X2,FF,-,5,4,CKD,INA,-,-,-,-,-,-,-,10,6,4,-,-,0.0%,0.0%,20
,,,,NETA X EV 500 ELITE,-,AT,BEV,-,"2,175",-,225/60R18,160,"2,770",4619x1860x1628,5,4X2,FF,-,5,4,CKD,INA,-,-,-,-,-,-,-,-,9,10,-,-,0.0%,0.0%,19
,,,,NETA X EV 500 SUPREME,-,AT,BEV,-,"2,175",-,225/60R18,160,"2,770",4619x1860x1628,5,4X2,FF,-,5,4,CKD,INA,-,-,-,-,-,-,-,-,38,125,2,-,0.0%,0.0%,165
,,DFSK,PT. Sokonindo Automobile,GELORA EC35 BLIND VAN (4X2) A/T,-,AT,BEV,58,"2,035",-,225/60R17,150,"2,780",4680 X 1845 X 1715,7,4X2,FF,-,4,4,CKD,INA,40,-,-,-,-,-,-,-,10,10,10,10,0.0%,0.0%,80
,,,,GELORA EC36 MINI BUS 1.5 (4X2) A/T,-,AT,BEV,58,"2,035",-,225/60R17,150,"2,780",4680 X 1845 X 1715,7,4X2,FF,-,4,4,CKD,INA,20,-,-,-,-,-,-,-,10,10,10,10,0.0%,0.0%,60
,,,,GLORY I0AUTO,"1,498",AT,G,58,"2,035",-,225/60R17,150,"2,780",4680 X 1845 X 1715,7,4X2,FF,-,4,4,CKD,INA,-,30,-,-,-,-,-,-,-,-,-,-,0.0%,0.0%,30
,,SERES,PT. Sokonindo Automobile,E502 EV (4X2) A/T,-,-,BEV,-,-,-,-,-,-,-,4,4X2,-,-,-,-,CKD,INA,50,-,-,-,-,30,30,30,-,-,-,-,0.0%,0.0%,140
,,HAVAL,PT. Nasional Asembler,HAVAL JOLION HEV 1.5T  DHT  (4x2) A/T,"1,497",AT,HEV,55,-,-,225/55 R18,190/187,"2,700","4,472 X 1,841 X 1,619",5,4X2,FF,200,5,4,CKD,Indonesia,-,-,-,-,-,-,-,-,13,80,89,18,0.0%,0.0%,200
,,HONDA,PT. Honda Prospect Motor,CITY HB RS,"1,500",CVT,G,40,-,-,16 x 6J,121,"2,600",4349 x 1748 x 1488,-,4X2,FF,-,5,4,CKD,INA,60,125,-,-,-,-,-,-,-,-,-,-,0.0%,0.0%,185
,,,,CITY HB RS-HS,"1,500",CVT,G,40,-,-,16 x 6J,121,"2,600",4349 x 1748 x 1488,-,4X2,FF,-,5,4,CKD,INA,60,-,-,-,-,-,-,-,-,-,55,60,0.0%,0.0%,175
,,,,New Mobilio S,"1,497",MT,G,42,-,-,15,118,"2,650",4386 x 1683 x 1603,7,4X2,FF,-,5,4,CKD,INA,120,-,120,120,-,60,-,-,-,-,-,-,0.1%,0.1%,420
,,,,WR-V E,"1,500",MT,G,35,-,-,16 x 7J,119,"2,485",4060 x 1780 x 1608,-,4X2,FF,-,5,4,CKD,INA,30,-,-,30,30,-,30,30,-,30,-,-,0.0%,0.0%,180
,,,,WR-V E,"1,500",CVT,G,35,-,-,16 x 7J,119,"2,485",4060 x 1780 x 1608,-,4X2,FF,-,5,4,CKD,INA,-,60,60,60,60,60,150,90,-,60,60,90,0.1%,0.1%,750
,,,,WR-V RS,"1,500",CVT,G,35,-,-,17 x 7J,119,"2,485",4060 x 1780 x 1608,-,4X2,FF,-,5,4,CKD,INA,762,690,393,560,720,720,660,690,809,631,720,"1,170",1.3%,1.1%,"8,525"
,,,,WR-V RS - HS,"1,500",CVT,G,35,-,-,17 x 7J,119,"2,485",4060 x 1780 x 1608,-,4X2,FF,-,5,4,CKD,INA,120,270,210,210,270,270,450,510,480,300,60,360,0.5%,0.4%,"3,510"
,,,,New HR-V S,"1,497",CVT,G,-,-,-,-,-,-,-,5,4X2,FF,-,5,4,CKD,INA,-,60,-,30,30,-,60,60,30,60,-,-,0.0%,0.0%,330
,,,,New HR-V E,"1,497",CVT,G,-,-,-,-,-,-,-,5,4X2,FF,-,5,4,CKD,INA,270,120,390,30,60,210,210,210,-,30,150,-,0.3%,0.2%,"1,680"
,,,,New HR-V SE,"1,497",CVT,G,-,-,-,-,-,-,-,5,4X2,FF,-,5,4,CKD,INA,"1,683","1,022",914,612,987,"1,041","1,557","1,562","1,722","1,634","1,521","1,671",2.4%,2.0%,"15,926"
,,,,New HR-V RS,"1,497",CVT,G,-,-,-,-,-,-,-,5,4X2,FF,-,5,4,CKD,INA,90,150,120,90,150,120,120,120,-,-,-,-,0.1%,0.1%,960
,,,,BR-V S,"1,500",MT,G,42,-,-,-,-,-,-,7,4X2,FF,-,5,4,CKD,INA,-,-,-,30,-,-,30,-,-,-,-,-,0.0%,0.0%,60
,,,,BR-V E,"1,500",MT,G,42,-,-,-,-,-,-,7,4X2,FF,-,5,4,CKD,INA,-,-,120,90,90,60,90,120,30,30,60,90,0.1%,0.1%,780
,,,,BR-V E,"1,500",CVT,G,42,-,-,-,-,-,-,7,4X2,FF,-,5,4,CKD,INA,90,330,300,150,180,60,270,60,60,210,240,30,0.3%,0.2%,"1,980"
,,,,BR-V E PRESTIGE,"1,500",CVT,G,42,-,-,-,-,-,-,7,4X2,FF,-,5,4,CKD,INA,60,540,630,510,480,480,510,60,300,600,690,690,0.8%,0.7%,"5,550"
,,,,BR-V Prestige-HS,"1,500",CVT,G,42,-,-,-,-,-,-,7,4X2,FF,-,5,4,CKD,INA,90,300,300,150,210,240,360,420,510,-,-,180,0.4%,0.3%,"2,760"
,,,,Brio RS,"1,198",MT,G,35,960,-,-,88,"2,345",3610 x 1680 x 1485,5,4X2,FF,-,4,4,CKD,INA,60,60,120,60,60,120,60,-,-,-,60,60,0.1%,0.1%,660
,,,,Brio RS,"1,198",AT,G,35,960,-,-,88,"2,345",3610 x 1680 x 1485,5,4X2,FF,-,4,4,CKD,INA,780,180,-,180,360,420,540,780,180,720,600,420,0.8%,0.6%,"5,160"
,,HYUNDAI,PT. Hyundai Motor Mftg Indonesia,Creta Active 1.5 MT,"1,500",MT,G,40,"1,590",-,215/60/R17,115,"2,610",4315 x 1790 x 1630,5,4X2,FF,-,5,4,CKD,INA,1,-,-,-,-,-,-,-,-,-,-,-,0.0%,0.0%,1
,,,,Creta Trend 1.5 MT,"1,500",MT,G,40,"1,590",-,215/60/R17,115,"2,610",4315 x 1790 x 1630,5,4X2,FF,-,5,4,CKD,INA,8,-,-,3,4,2,6,2,3,1,-,-,0.0%,0.0%,29
,,,,Creta Trend 1.5 IVT,"1,500",AT,G,40,"1,660",-,215/60/R17,115,"2,610",4315 x 1790 x 1630,5,4X2,FF,-,5,4,CKD,INA,132,81,40,102,38,19,42,42,9,7,22,23,0.1%,0.1%,557
,,,,Creta Style 1.5 IVT,"1,500",AT,G,40,"1,660",-,215/60/R17,115,"2,610",4315 x 1790 x 1630,5,4X2,FF,-,5,4,CKD,INA,176,20,66,72,30,-,-,36,6,3,-,3,0.1%,0.1%,412
,,,,Creta Prime 1.5 IVT,"1,500",AT,G,40,"1,660",-,215/60/R17,115,"2,610",4315 x 1790 x 1630,5,4X2,FF,-,5,4,CKD,INA,239,210,258,87,69,72,7,21,56,49,73,87,0.2%,0.2%,"1,228"
,,,,Creta Prime 1.5 IVT  Two Tone,"1,500",AT,G,40,"1,660",-,215/60/R17,115,"2,610",4315 x 1790 x 1630,5,4X2,FF,-,5,4,CKD,INA,464,240,293,373,61,28,-,-,4,31,70,180,0.3%,0.2%,"1,744"
,,,,Creta Prime 1.5 IVT  Alpha,"1,500",AT,G,40,"1,660",-,215/60/R17,115,"2,610",4315 x 1790 x 1630,5,4X2,FF,-,5,4,CKD,INA,-,334,99,113,103,228,345,249,2,109,45,105,0.3%,0.2%,"1,732"
,,,,Creta FL Active 1.5 MT,-,-,-,-,-,-,-,-,-,-,-,-,-,-,-,-,-,-,-,-,-,-,-,-,-,-,-,-,-,-,0.0%,0.0%,-
,,,,Creta FL Trend 1.5 MT,-,-,-,-,-,-,-,-,-,-,-,-,-,-,-,-,-,-,-,-,-,-,-,-,-,-,-,-,-,3,0.0%,0.0%,3
,,,,Creta FL Trend 1.5 IVT,-,-,-,-,-,-,-,-,-,-,-,-,-,-,-,-,-,-,-,-,-,-,-,-,-,-,-,-,-,14,0.0%,0.0%,14
,,,,Creta FL Style 1.5 IVT,-,-,-,-,-,-,-,-,-,-,-,-,-,-,-,-,-,-,-,-,-,-,-,-,-,-,-,-,-,13,0.0%,0.0%,13
,,,,Creta FL Prime 1.5 IVT,-,-,-,-,-,-,-,-,-,-,-,-,-,-,-,-,-,-,-,-,-,-,-,-,-,-,-,-,-,92,0.0%,0.0%,92
,,,,Creta FL Prime 1.5 IVT  Two Tone,-,-,-,-,-,-,-,-,-,-,-,-,-,-,-,-,-,-,-,-,-,-,-,-,-,-,-,-,-,94,0.0%,0.0%,94
,,,,Creta FL N Line 1.5 IVT,-,-,-,-,-,-,-,-,-,-,-,-,-,-,-,-,-,-,-,-,-,-,-,-,-,-,-,-,-,104,0.0%,0.0%,104
,,,,Creta FL N Line 1.5 IVT  Two Tone,-,-,-,-,-,-,-,-,-,-,-,-,-,-,-,-,-,-,-,-,-,-,-,-,-,-,-,-,-,117,0.0%,0.0%,117
,,,,Creta FL N Line 1.5T  IVT,-,-,-,-,-,-,-,-,-,-,-,-,-,-,-,-,-,-,-,-,-,-,-,-,-,-,-,-,-,37,0.0%,0.0%,37
,,,,Creta FL N Line 1.5T  IVT  Two Tone,-,-,-,-,-,-,-,-,-,-,-,-,-,-,-,-,-,-,-,-,-,-,-,-,-,-,-,-,-,39,0.0%,0.0%,39
,,,,Kona EV Style,-,AT,BEV,-,-,-,-,-,-,-,5,4X2,FF,-,5,4,CKD,INA,-,-,-,-,-,-,-,-,26,3,-,29,0.0%,0.0%,58
,,,,Kona EV Prime Reguler,-,AT,BEV,-,-,-,-,-,-,-,5,4X2,FF,-,5,4,CKD,INA,-,-,-,-,-,-,26,4,-,-,-,-,0.0%,0.0%,30
,,,,Kona EV Prime Extended,-,AT,BEV,-,-,-,-,-,-,-,5,4X2,FF,-,5,4,CKD,INA,-,-,-,-,-,-,51,116,-,-,-,-,0.0%,0.0%,167
,,,,Kona EV Signature Reguler,-,AT,BEV,-,-,-,-,-,-,-,5,4X2,FF,-,5,4,CKD,INA,-,-,-,-,-,-,-,-,15,2,-,1,0.0%,0.0%,18
,,,,Kona EV Signature Reguler Two Tone,-,AT,BEV,-,-,-,-,-,-,-,5,4X2,FF,-,5,4,CKD,INA,-,-,-,-,-,-,-,-,10,2,-,-,0.0%,0.0%,12
,,,,Kona EV Signature Extended,-,AT,BEV,-,-,-,-,-,-,-,5,4X2,FF,-,5,4,CKD,INA,-,-,-,-,-,-,184,70,101,102,309,123,0.1%,0.1%,889
,,,,Kona EV Signature Extended Two Tone,-,AT,BEV,-,-,-,-,-,-,-,5,4X2,FF,-,5,4,CKD,INA,-,-,-,-,-,-,68,65,50,57,118,54,0.1%,0.1%,412
,,,,Kona EV N Line,-,-,-,-,-,-,-,-,-,-,-,-,-,-,-,-,-,-,-,-,-,-,-,-,-,-,-,-,-,1,0.0%,0.0%,1
,,,,Kona EV N Line Two Tone,-,-,-,-,-,-,-,-,-,-,-,-,-,-,-,-,-,-,-,-,-,-,-,-,-,-,-,-,-,6,0.0%,0.0%,6
,,,,Creta THI 1.5 AT  (Export),"1,500",AT,G,40,"1,660",-,215/60/R17,115,"2,610",4315 x 1790 x 1630,5,4X2,FF,-,5,4,CKD,INA,-,2,-,58,2,48,40,40,20,40,30,-,0.0%,0.0%,280
,,,,Creta AP 1.5 AT  (Export),"1,500",AT,G,40,"1,660",-,215/60/R17,115,"2,610",4315 x 1790 x 1630,5,4X2,FF,-,5,4,CKD,INA,6,60,42,64,27,62,58,-,25,34,-,33,0.1%,0.1%,411
,,,,Creta VIE 1.5 AT  (Export),"1,500",AT,G,40,"1,660",-,215/60/R17,115,"2,610",4315 x 1790 x 1630,5,4X2,FF,-,5,4,CKD,INA,-,-,-,-,-,-,1,-,-,-,-,-,0.0%,0.0%,1
,,,,Creta MEA 1.5 MT  (Export),"1,500",MT,G,40,"1,660",-,215/60/R17,115,"2,610",4315 x 1790 x 1630,5,4X2,FF,-,5,4,CKD,INA,-,-,-,-,-,-,50,-,32,75,50,1,0.0%,0.0%,208
,,,,Creta MEA 1.5 AT  (Export),"1,500",AT,G,40,"1,660",-,215/60/R17,115,"2,610",4315 x 1790 x 1630,5,4X2,FF,-,5,4,CKD,INA,695,850,"1,726","1,179","1,842","2,001","2,420","2,308","2,896","1,855","2,329","2,205",3.4%,2.8%,"22,306"
,,,,Creta PHI 1.5 AT  (Export),"1,500",AT,G,40,"1,660",-,215/60/R17,115,"2,610",4315 x 1790 x 1630,5,4X2,FF,-,5,4,CKD,INA,120,20,28,3,9,30,41,42,15,15,26,-,0.1%,0.0%,349
,,,,Creta PHI 1.5 MT  (Export),"1,500",MT,G,40,"1,660",-,215/60/R17,115,"2,610",4315 x 1790 x 1630,5,4X2,FF,-,5,4,CKD,INA,159,152,205,270,113,300,87,96,378,163,326,110,0.4%,0.3%,"2,359"
,,,,Creta PHI 1.5 AT  (Export),"1,500",AT,G,40,"1,660",-,215/60/R17,115,"2,610",4315 x 1790 x 1630,5,4X2,FF,-,5,4,CKD,INA,"1,402","1,248",915,738,830,"1,155","1,143","1,626","1,012",680,613,772,1.8%,1.5%,"12,134"
,,,,Creta SAF 1.5 MT  (Export),"1,500",MT,G,40,"1,660",-,215/60/R17,115,"2,610",4315 x 1790 x 1630,5,4X2,FF,-,5,4,CKD,INA,199,232,150,152,122,60,103,20,157,378,295,277,0.3%,0.3%,"2,145"
,,,,Creta SAF 1.5 AT  (Export),"1,500",AT,G,40,"1,660",-,215/60/R17,115,"2,610",4315 x 1790 x 1630,5,4X2,FF,-,5,4,CKD,INA,272,518,599,250,395,590,552,450,413,486,336,433,0.8%,0.7%,"5,294"
,,,,Stargazer Active MT,"1,500",MT,G,40,"1,780",-,205/55/R15,115,"2,780",4460 x 1780 x 1695,7,4X2,FF,-,5,4,CKD,INA,-,8,-,61,36,68,-,6,8,84,449,244,0.1%,0.1%,964
,,,,Stargazer Active IVT,"1,500",AT,G,40,"1,830",-,205/55/R15,115,"2,780",4460 x 1780 x 1695,7,4X2,FF,-,5,4,CKD,INA,1,-,4,16,6,20,21,13,-,1,-,30,0.0%,0.0%,112
,,,,Stargazer Prime 7 Seat,"1,500",AT,G,40,"1,830",-,205/55/R16,115,"2,780",4460 x 1780 x 1695,7,4X2,FF,-,5,4,CKD,INA,234,266,168,64,2,-,-,-,55,39,3,1,0.1%,0.1%,832
,,,,Stargazer Prime 6 Seat,"1,500",AT,G,40,"1,830",-,205/55/R16,115,"2,780",4460 x 1780 x 1695,6,4X2,FF,-,5,4,CKD,INA,500,880,224,110,3,-,-,1,55,53,1,-,0.3%,0.2%,"1,827"
,,,,Stargazer Prime 7 Seat Two Tone,"1,500",AT,G,40,"1,830",-,205/55/R16,115,"2,780",4460 x 1780 x 1695,7,4X2,FF,-,5,4,CKD,INA,9,55,74,15,-,-,-,-,-,-,-,-,0.0%,0.0%,153
,,,,Stargazer Prime 6 Seat Two Tone,"1,500",AT,G,40,"1,830",-,205/55/R16,115,"2,780",4460 x 1780 x 1695,6,4X2,FF,-,5,4,CKD,INA,274,359,142,23,-,-,-,-,-,-,-,-,0.1%,0.1%,798
,,,,Stargazer Essential  MT  7 Seat,"1,500",MT,G,40,"1,830",-,205/55/R16,115,"2,780",4460 x 1780 x 1695,6,4X2,FF,-,5,4,CKD,INA,10,7,17,17,21,2,-,22,-,3,4,-,0.0%,0.0%,103
,,,,Stargazer Essential  MT  6 Seat,"1,500",MT,G,40,"1,830",-,205/55/R16,115,"2,780",4460 x 1780 x 1695,6,4X2,FF,-,5,4,CKD,INA,-,10,4,5,2,-,-,10,8,15,-,-,0.0%,0.0%,54
,,,,Stargazer Essential  IVT  7 Seat,"1,500",AT,G,40,"1,830",-,205/55/R16,115,"2,780",4460 x 1780 x 1695,6,4X2,FF,-,5,4,CKD,INA,56,5,98,244,79,266,195,136,9,25,32,16,0.2%,0.1%,"1,161"
,,,,Stargazer Essential  IVT  6 Seat,"1,500",AT,G,40,"1,830",-,205/55/R16,115,"2,780",4460 x 1780 x 1695,6,4X2,FF,-,5,4,CKD,INA,33,18,69,197,117,243,384,177,18,30,76,11,0.2%,0.2%,"1,373"
,,,,Stargazer X Prime 7 Seat,"1,500",AT,G,40,"1,830",-,205/55/R16,115,"2,780",4460 x 1780 x 1695,6,4X2,FF,-,5,4,CKD,INA,21,32,148,70,126,140,118,103,26,35,69,11,0.1%,0.1%,899
,,,,Stargazer X Prime 6 Seat,"1,500",AT,G,40,"1,830",-,205/55/R16,115,"2,780",4460 x 1780 x 1695,6,4X2,FF,-,5,4,CKD,INA,243,344,427,171,381,218,325,245,48,139,91,47,0.4%,0.3%,"2,679"
,,,,Stargazer X Prime 7 Seat Two Tone,"1,500",AT,G,40,"1,830",-,205/55/R16,115,"2,780",4460 x 1780 x 1695,6,4X2,FF,-,5,4,CKD,INA,13,5,13,12,14,11,19,21,8,10,7,1,0.0%,0.0%,134
,,,,Stargazer X Prime 6 Seat Two Tone,"1,500",AT,G,40,"1,830",-,205/55/R16,115,"2,780",4460 x 1780 x 1695,6,4X2,FF,-,5,4,CKD,INA,41,11,68,38,38,35,38,56,10,16,22,-,0.1%,0.0%,373
,,,,Stargazer VIE 1.5 IVT  (Export),"1,500",AT,G,40,"1,830",-,205/55/R16,115,"2,780",4460 x 1780 x 1695,6,4X2,FF,-,5,4,CKD,INA,-,3,76,689,572,304,780,"1,011",811,447,200,-,0.7%,0.6%,"4,893"
,,,,Stargazer PHI 1.5 IVT  (Export),"1,500",AT,G,40,"1,830",-,205/55/R16,115,"2,780",4460 x 1780 x 1695,6,4X2,FF,-,5,4,CKD,INA,356,380,405,251,260,488,710,"1,050","1,270",980,485,57,1.0%,0.8%,"6,692"
,,,,Stargazer AP 1.5 IVT  (Export),"1,500",AT,G,40,"1,830",-,205/55/R16,115,"2,780",4460 x 1780 x 1695,6,4X2,FF,-,5,4,CKD,INA,-,-,-,31,25,60,45,55,12,10,28,42,0.0%,0.0%,308
,,,,Stargazer MEA 1.5 IVT  (Export),"1,500",AT,G,40,"1,830",-,205/55/R16,115,"2,780",4460 x 1780 x 1695,6,4X2,FF,-,5,4,CKD,INA,216,969,977,676,428,465,490,372,90,64,61,2,0.7%,0.6%,"4,810"
,,,,Stargazer THI 1.5 IVT  (Export),"1,500",AT,G,40,"1,830",-,205/55/R16,115,"2,780",4460 x 1780 x 1695,6,4X2,FF,-,5,4,CKD,INA,-,3,70,-,100,140,100,150,-,-,-,-,0.1%,0.1%,563
,,,,Stargazer CSA 1.5 IVT  (Export),"1,500",AT,G,40,"1,830",-,205/55/R16,115,"2,780",4460 x 1780 x 1695,6,4X2,FF,-,5,4,CKD,INA,170,143,50,26,105,25,25,5,14,19,2,-,0.1%,0.1%,584
,,,,Ioniq5 Prime Extended,-,AT,BEV,-,-,-,-,-,-,-,5,4X2,FF,-,5,4,CKD,INA,-,2,-,-,3,-,6,-,-,-,-,-,0.0%,0.0%,11
,,,,Ioniq5 Signature Extended,-,AT,BEV,-,-,-,-,-,-,-,5,4X2,FF,-,5,4,CKD,INA,600,498,200,200,602,32,14,20,20,-,-,-,0.3%,0.3%,"2,186"
,,,,Ioniq5 Signature N,-,AT,BEV,-,-,-,-,-,-,-,5,4 x 2,FF,-,5,4,CKD,INA,-,-,-,-,-,-,-,-,13,19,8,35,0.0%,0.0%,75
,,MITSUBISHI MOTORS,PT. Mitsubishi Motors Krama Yudha Indonesia,Xpander 1.5 2WD 4AT  M  YET,"1,499",AT,G,45,"1,780","4,375",205/55 R16,104,"2,775",4475 X 1750 X 1700,7,4X2,FF,-,4,4,CKD,INA,2,74,14,-,1,79,-,-,-,-,-,-,0.0%,0.0%,170
,,,,Xpander 1.5 2WD 4AT  H YET,"1,499",AT,G,45,"1,780","4,375",205/55 R16,104,"2,775",4475 X 1750 X 1700,7,4X2,FF,-,4,4,CKD,INA,3,102,105,-,1,119,-,-,-,-,-,-,0.0%,0.0%,330
,,,,Xpander 1.5 2WD 4AT  Q VET,"1,499",AT,G,45,"1,780","4,375",205/55 R16,104,"2,775",4475 X 1750 X 1700,7,4X2,FF,-,4,4,CKD,INA,874,-,804,776,"1,359",688,772,931,"1,062","1,213",801,4,1.4%,1.2%,"9,284"
,,,,Xpander 1.5 2WD 4AT  Q VET,"1,499",AT,G,45,"1,780","4,375",205/55 R16,104,"2,775",4475 X 1750 X 1700,7,4X2,FF,-,4,4,CKD,INA,352,-,-,-,-,-,-,-,-,-,-,-,0.1%,0.0%,352
,,,,Xpander 1.5 2WD 5MT  H PHL,"1,499",MT,G,45,"1,780","4,375",205/55 R16,104,"2,775",4475 X 1750 X 1700,7,4X2,FF,-,4,4,CKD,INA,7,-,2,150,114,133,181,162,221,211,168,260,0.2%,0.2%,"1,609"
,,,,Xpander 1.5 2WD 4AT  H PHL,"1,499",AT,G,45,"1,780","4,375",205/55 R16,104,"2,775",4475 X 1750 X 1700,7,4X2,FF,-,4,4,CKD,INA,25,-,-,24,23,64,406,389,513,770,308,564,0.5%,0.4%,"3,086"
,,,,Xpander 1.5 2WD 4AT  P PHL,"1,499",AT,G,45,"1,780","4,375",205/55 R16,104,"2,775",4475 X 1750 X 1700,7,4X2,FF,-,4,4,CKD,INA,705,"1,139",23,679,"1,101","1,005","1,176",883,"1,199","1,657",879,"1,808",1.9%,1.5%,"12,254"
,,,,Xpander 1.5 2Wd 4AT  Q Bgd,"1,499",AT,G,45,"1,780","4,375",205/55 R16,104,"2,775",4477 X 1750 X 1700,7,4X2,FF,-,4,4,CKD,INA,-,-,50,-,-,30,-,30,5,50,-,3,0.0%,0.0%,168
,,,,Xpander 1.5L Exceed (4X2) M/T,"1,499",MT,G,45,"1,840","4,375",205/55 R17,105,"2,775",4500 X 1800 X 1750,7,4X2,FF,-,4,4,CKD,INA,352,1,75,367,-,180,85,100,197,194,182,241,0.3%,0.2%,"1,974"
,,,,Xpander 1.5L Gls (4X2) M/T,"1,499",MT,G,45,"1,840","4,375",205/55 R17,105,"2,775",4500 X 1800 X 1750,7,4X2,FF,-,4,4,CKD,INA,2,-,-,10,-,-,-,300,2,198,200,-,0.1%,0.1%,712
,,,,Xpander Cross 1.5L (4X2) M/T,"1,499",MT,G,45,"1,840","4,375",205/55 R17,105,"2,775",4500 X 1800 X 1750,7,4X2,FF,-,4,4,CKD,INA,189,1,-,56,207,149,161,177,334,198,186,172,0.3%,0.2%,"1,830"
,,,,Xpander 1.5 Asg 2Wd Cvt M,"1,499",AT,G,45,"1,840","4,375",205/55 R17,105,"2,775",4500 X 1800 X 1750,7,4X2,FF,-,4,4,CKD,INA,2,-,-,18,2,-,-,-,-,-,-,-,0.0%,0.0%,22
,,,,Xpander 1.5 Asg 2Wd Cvt H,"1,499",AT,G,45,"1,840","4,375",205/55 R17,105,"2,775",4500 X 1800 X 1750,7,4X2,FF,-,4,4,CKD,INA,468,-,98,486,-,400,109,132,246,230,234,224,0.4%,0.3%,"2,627"
,,,,Xpander 1.5 Asg 2Wd Cvt P2,"1,499",AT,G,45,"1,840","4,375",205/55 R17,105,"2,775",4500 X 1800 X 1750,7,4X2,FF,-,4,4,CKD,INA,428,46,11,139,127,201,146,234,334,131,106,30,0.3%,0.2%,"1,933"
,,,,Xpander 5MT,"1,499",MT,G,45,"1,840","4,375",205/55 R17,105,"2,775",4500 X 1800 X 1750,7,4X2,FF,-,4,4,CKD,INA,2,-,-,46,48,69,62,64,129,90,90,107,0.1%,0.1%,707
,,,,Xpander CVT,"1,499",AT,G,45,"1,840","4,375",205/55 R17,105,"2,775",4500 X 1800 X 1750,7,4X2,FF,-,4,4,CKD,INA,2,-,-,97,840,"1,085","1,030","1,145","1,283","1,028",920,833,1.2%,1.0%,"8,263"
,,,,Xpander Cross 1.5 Asg 2Wd Cvt P2X,"1,499",AT,G,45,"1,840","4,375",205/55 R17,105,"2,775",4500 X 1800 X 1750,7,4X2,FF,-,4,4,CKD,INA,524,53,15,319,"1,068","1,085","1,147","1,284","1,689",993,729,13,1.3%,1.1%,"8,919"
,,,,Xpander 1.5 2WD 4AT  P+ PHL,"1,499",AT,G,45,"1,780","4,375",205/55 R17,104,"2,775",4500 X 1750 X 1800,7,4X2,FF,-,4,4,CKD,INA,480,"1,065",12,109,412,602,676,"1,064","1,277",889,683,"1,064",1.3%,1.0%,"8,333"
,,,,Xpander 1.5 2WD 5MT  M  PE,"1,499",MT,G,45,"1,780","4,375",205/55 R17,104,"2,775",4500 X 1750 X 1800,7,4X2,FF,-,4,4,CKD,INA,70,20,-,-,84,116,140,60,87,68,50,85,0.1%,0.1%,780
,,,,Xpander 1.5 2WD 4AT  H PE,"1,499",AT,G,45,"1,780","4,375",205/55 R17,104,"2,775",4500 X 1750 X 1800,7,4X2,FF,-,4,4,CKD,INA,25,-,-,-,-,-,-,1,4,21,20,-,0.0%,0.0%,71
,,,,Xpander Cross 1.5 2WD 4AT  Q VET,"1,499",AT,G,45,"1,780","4,375",205/55 R17,104,"2,775",4500 X 1750 X 1800,7,4X2,FF,-,4,4,CKD,INA,516,-,640,614,286,282,694,940,788,671,671,4,0.9%,0.8%,"6,106"
,,,,Xpander 1.5 2WD 4AT  H GCC,"1,499",AT,G,45,"1,780","4,375",205/55 R16,104,"2,775",4476 X 1750 X 1700,7,4X2,FF,-,4,4,CKD,INA,-,-,-,-,-,-,-,-,-,178,29,33,0.0%,0.0%,240
,,,,Xpander 1.5 2WD 4AT  H GCC,"1,499",AT,G,45,"1,780","4,375",205/55 R17,104,"2,775",4500 X 1750 X 1800,7,4X2,FF,-,4,4,CKD,INA,-,30,67,40,155,20,181,140,258,131,53,34,0.2%,0.1%,"1,109"
,,,,Xpander 1.5 2WD 4AT  M  GCC,"1,499",AT,G,45,"1,780","4,375",205/55 R17,104,"2,775",4500 X 1750 X 1800,7,4X2,FF,-,4,4,CKD,INA,-,786,301,38,235,15,376,395,198,142,18,52,0.4%,0.3%,"2,556"
,,,,Xpander 1.5 2WD 4AT  H SAU,"1,499",AT,G,45,"1,780","4,375",205/55 R17,104,"2,775",4500 X 1750 X 1800,7,4X2,FF,-,4,4,CKD,INA,-,-,-,-,-,-,350,-,-,-,229,165,0.1%,0.1%,744
,,,,Xpander 1.5 2WD 5MT  M  ZAF,"1,499",MT,G,45,"1,780","4,375",205/55 R17,104,"2,775",4500 X 1750 X 1800,7,4X2,FF,-,4,4,CKD,INA,42,38,-,-,1,-,-,4,46,20,21,29,0.0%,0.0%,201
,,,,Xpander 1.5 2WD 4AT  H ZAF,"1,499",AT,G,45,"1,780","4,375",205/55 R17,104,"2,775",4500 X 1750 X 1800,7,4X2,FF,-,4,4,CKD,INA,65,55,-,-,1,-,-,2,38,50,40,20,0.0%,0.0%,271
,,,,Xpander Cross 1.5 2WD 4AT  P MUS,"1,499",AT,G,45,"1,780","4,375",205/55 R17,104,"2,775",4500 X 1750 X 1800,7,4X2,FF,-,4,4,CKD,INA,4,36,10,-,15,30,10,2,26,22,33,19,0.0%,0.0%,207
,,,,Xpander Cross 1.5 2WD 4AT  P ARU,"1,499",AT,G,45,"1,780","4,375",205/55 R17,104,"2,775",4500 X 1750 X 1800,7,4X2,FF,-,4,4,CKD,INA,4,-,-,-,-,-,-,-,-,-,-,-,0.0%,0.0%,4
,,,,Xpander Cross 1.5 2WD 4AT  Q CO,"1,499",AT,G,45,"1,780","4,375",205/55 R17,104,"2,775",4500 X 1750 X 1800,7,4X2,FF,-,4,4,CKD,INA,-,-,-,-,40,-,-,40,-,-,-,-,0.0%,0.0%,80
,,,,Xpander Cross 1.5 2WD 4AT  H PE,"1,499",AT,G,45,"1,780","4,375",205/55 R17,104,"2,775",4500 X 1750 X 1800,7,4X2,FF,-,4,4,CKD,INA,20,8,22,13,43,52,70,50,48,27,73,62,0.1%,0.1%,488
,,,,Xpander 1.5 2WD 4AT  P MEX,"1,499",AT,G,45,"1,780","4,375",205/55 R16,104,"2,775",4475 X 1750 X 1700,7,4X2,FF,-,4,4,CKD,INA,-,-,-,-,1,200,100,170,88,92,185,208,0.2%,0.1%,"1,044"
,,,,Xpander Cross 1.5 2WD 4AT  H MEX,"1,499",AT,G,45,"1,780","4,375",205/55 R17,104,"2,775",4500 X 1750 X 1800,7,4X2,FF,-,4,4,CKD,INA,-,-,-,-,-,-,-,1,221,429,239,371,0.2%,0.2%,"1,261"
,,,,Xpander 1.5 2WD 4AT  H BD,"1,499",AT,G,45,"1,780","4,375",205/55 R16,104,"2,775",4475 X 1750 X 1700,7,4X2,FF,-,4,4,CKD,INA,20,14,30,-,1,39,-,2,3,3,-,-,0.0%,0.0%,112
,,,,Xpander Cross 1.5 2Wd 4At H Pa,"1,499",AT,G,45,"1,780","4,375",205/55 R16,104,"2,775",4476 X 1750 X 1700,7,4X2,FF,-,4,4,CKD,INA,72,93,60,34,-,-,-,-,-,-,-,-,0.0%,0.0%,259
,,,,Xpander 1.5 2Wd 4At M  Aw,"1,499",AT,G,45,"1,780","4,375",205/55 R16,104,"2,775",4475 X 1750 X 1700,7,4X2,FF,-,4,4,CKD,INA,-,9,3,-,3,2,2,2,2,31,2,1,0.0%,0.0%,57
,,,,Xpander 1.5 2Wd 4At H Pa,"1,499",AT,G,45,"1,780","4,375",205/55 R16,104,"2,775",4475 X 1750 X 1700,7,4X2,FF,-,4,4,CKD,INA,-,8,-,-,1,-,-,-,-,-,-,-,0.0%,0.0%,9
,,,,Xpander Cross 1.5 2Wd 4At H Uae,"1,499",AT,G,45,"1,780","4,375",205/55 R17,104,"2,775",4500 X 1800 X 1750,7,4X2,FF,-,4,4,CKD,INA,-,-,-,20,10,10,50,-,-,-,9,21,0.0%,0.0%,120
,,,,Xpander Cross 1.5 2Wd 4At P,"1,499",AT,G,45,"1,780","4,375",205/55 R17,104,"2,775",4500 X 1800 X 1750,7,4X2,FF,-,4,4,CKD,INA,-,-,-,-,12,18,-,20,-,-,-,-,0.0%,0.0%,50
,,,,Xpander Cross 1.5 2Wd 4At P Uea,"1,499",AT,G,45,"1,780","4,375",205/55 R17,104,"2,775",4500 X 1800 X 1750,7,4X2,FF,-,4,4,CKD,INA,1,30,35,40,110,5,161,135,-,-,-,-,0.1%,0.1%,517
,,,,Xpander Cross 1.5 2Wd 4At P Sa,"1,499",AT,G,45,"1,780","4,375",205/55 R17,104,"2,775",4500 X 1800 X 1750,7,4X2,FF,-,4,4,CKD,INA,-,-,-,-,-,-,150,-,-,-,121,85,0.1%,0.0%,356
,,,,Xpander 4 AT  EXP Costa Rica,"1,499",AT,G,45,"1,780","4,375",205/55 R16,104,"2,775",4475 X 1750 X 1700,7,4X2,FF,-,4,4,CKD,INA,-,-,15,-,-,-,-,-,-,-,-,-,0.0%,0.0%,15
,,,,Xpander Cross Type M  Export To Chile,"1,499",MT,G,45,"1,780","4,812",205/55 R16,104,"2,775",4475 X 1750 X 1700,7,4X2,FF,-,4,4,CKD,INA,-,-,10,22,30,25,30,30,25,50,30,10,0.0%,0.0%,262
,,,,Xpander Cross Type H Export To Chile,"1,499",AT,G,45,"1,780","4,812",205/55 R16,104,"2,775",4475 X 1750 X 1700,7,4X2,FF,-,4,4,CKD,INA,-,-,-,-,25,30,55,34,26,-,-,15,0.0%,0.0%,185
,,,,Xpander Cross Type P Export To Chile,"1,499",AT,G,45,"1,780","4,812",205/55 R16,104,"2,775",4475 X 1750 X 1700,7,4X2,FF,-,4,4,CKD,INA,-,-,-,-,1,-,-,27,23,10,-,20,0.0%,0.0%,81
,,,,Xpander Type P Export To Panama,"1,499",AT,G,45,"1,780","4,375",205/55 R16,104,"2,775",4478 X 1750 X 1695,7,4X2,FF,-,4,4,CKD,INA,-,-,-,8,47,12,22,3,20,12,1,50,0.0%,0.0%,175
,,,,Xpander Type P Export To South Africa,"1,499",AT,G,45,"1,780","4,375",205/55 R16,104,"2,775",4478 X 1750 X 1695,7,4X2,FF,-,4,4,CKD,INA,-,-,-,-,1,-,-,-,-,-,11,9,0.0%,0.0%,21
,,,,"Xpander Type H 4At Export To Cambodian, Uruguay & Costa Rica","1,499",AT,G,45,"1,780","4,375",205/55 R16,104,"2,775",4478 X 1750 X 1695,7,4X2,FF,-,4,4,CKD,INA,-,-,-,-,9,1,-,-,-,-,-,-,0.0%,0.0%,10
,,,,Xpander Type P Export To Fiji,"1,499",AT,G,45,"1,780","4,375",205/55 R17,104,"2,775",4500 X 1800 X 1750,7,4X2,FF,-,4,4,CKD,INA,-,-,-,-,-,-,-,-,-,-,-,10,0.0%,0.0%,10
,,,,Livina VL 1.5 (4x2) AT,"1,499",AT,G,45,"1,780","4,375",205/55 R16,104,"2,775",4475 X 1750 X 1700,7,4X2,FF,-,4,4,CKD,INA,35,32,28,31,49,40,40,30,-,-,-,-,0.0%,0.0%,285
,,,,Livina Export To Philippine (Nlhlvp),"1,499",MT,G,45,"1,780","4,375",205/55 R16,104,"2,775",4475 X 1750 X 1700,7,4X2,FF,-,4,4,CKD,INA,151,166,141,166,143,179,123,152,141,168,179,186,0.3%,0.2%,"1,895"
,,,,Livina Export To Philippine (Rhhlvp),"1,499",AT,G,45,"1,780","4,375",205/55 R16,104,"2,775",4477 X 1750 X 1700,7,4X2,FF,-,4,4,CKD,INA,99,89,111,61,82,107,117,85,119,137,144,152,0.2%,0.2%,"1,303"
,,,,Xforce Ultimate,"1,499",CVT,G,42,"1,730","5,698",225/50R18,103,"2,650",4390 x 1810 x 1660,5,4X2,FF,-,4,4,CKD,INA,"5,224",161,-,219,-,-,-,-,-,-,-,-,0.8%,0.7%,"5,604"
,,,,Xforce Exceed,"1,499",CVT,G,42,"1,730","5,698",225/50R18,103,"2,650",4390 x 1810 x 1660,5,4X2,FF,-,4,4,CKD,INA,386,111,1,86,-,-,-,-,-,-,-,-,0.1%,0.1%,584
,,,,Xforce Ultimate Adas (Melange),"1,499",CVT,G,42,"1,730","5,698",225/50R18,103,"2,650",4390 x 1810 x 1660,5,4X2,FF,-,4,4,CBU,INA,-,-,-,1,-,-,700,327,3,-,-,-,0.2%,0.1%,"1,031"
,,,,Xforce Type G Export To Vietnam,"1,499",CVT,G,42,"1,730","5,698",225/50R19,103,"2,650",4391 x 1810 x 1660,5,4X2,FF,-,4,4,CKD,INA,"1,025","2,934",521,90,400,300,288,411,283,332,314,512,1.1%,0.9%,"7,410"
,,,,Xforce Type H Export To Costa Rica,"1,499",CVT,G,42,"1,730","5,698",225/50R20,103,"2,650",4392 x 1810 x 1660,5,4X2,FF,-,4,4,CKD,INA,6,41,6,9,10,8,26,22,35,88,27,39,0.0%,0.0%,317
,,,,Xforce Type H Export To Vietnam,"1,499",CVT,G,42,"1,730","5,698",225/50R21,103,"2,650",4393 x 1810 x 1660,5,4X2,FF,-,4,4,CKD,INA,285,"1,038","1,727",10,-,-,-,-,-,-,-,-,0.5%,0.4%,"3,060"
,,,,Xforce Export To Jordan,"1,499",CVT,G,42,"1,730","5,698",225/50R22,103,"2,650",4394 x 1810 x 1660,5,4X2,FF,-,4,4,CKD,INA,-,136,48,84,49,47,24,35,46,79,20,98,0.1%,0.1%,666
,,,,Xforce Type H Export To Mauritius,"1,499",CVT,G,42,"1,730","5,698",225/50R23,103,"2,650",4395 x 1810 x 1660,5,4X2,FF,-,4,4,CKD,INA,-,30,-,32,13,-,14,5,5,5,-,6,0.0%,0.0%,110
,,,,Xforce Type M  Export To Costa Rica,"1,499",CVT,G,42,"1,730","5,698",225/50R24,103,"2,650",4396 x 1810 x 1660,5,4X2,FF,-,4,4,CKD,INA,-,30,1,9,11,7,4,26,38,102,57,53,0.1%,0.0%,338
,,,,Xforce Type M  Export To Vietnam,"1,499",CVT,G,42,"1,730","5,698",225/50R25,103,"2,650",4397 x 1810 x 1660,5,4X2,FF,-,4,4,CKD,INA,140,470,534,91,15,-,-,-,-,-,-,-,0.2%,0.2%,"1,250"
,,,,Xforce Export To Lebanon,"1,499",CVT,G,42,"1,730","5,698",225/50R26,103,"2,650",4398 x 1810 x 1660,5,4X2,FF,-,4,4,CKD,INA,-,5,1,5,1,5,1,1,10,24,14,11,0.0%,0.0%,78
,,,,Xforce Type M  Export To Mauritius,"1,499",CVT,G,42,"1,730","5,698",225/50R27,103,"2,650",4399 x 1810 x 1660,5,4X2,FF,-,4,4,CKD,INA,1,19,-,21,9,-,8,-,-,-,2,28,0.0%,0.0%,88
,,,,Xforce Type P Export To Costa Rica,"1,499",CVT,G,42,"1,730","5,698",225/50R28,103,"2,650",4400 x 1810 x 1660,5,4X2,FF,-,4,4,CKD,INA,-,31,8,9,9,7,18,14,23,57,53,66,0.0%,0.0%,295
,,,,Xforce Export To Panama,"1,499",CVT,G,42,"1,730","5,698",225/50R29,103,"2,650",4401 x 1810 x 1660,5,4X2,FF,-,4,4,CKD,INA,-,60,45,49,15,19,22,24,32,54,19,42,0.1%,0.0%,381
,,,,Xforce Type P Export To Mauritius,"1,499",CVT,G,42,"1,730","5,698",225/50R30,103,"2,650",4402 x 1810 x 1660,5,4X2,FF,-,4,4,CKD,INA,-,45,18,28,4,10,12,14,6,4,2,18,0.0%,0.0%,161
,,,,Xforce Type H Export To Egypt,"1,499",CVT,G,42,"1,730","5,698",225/50R18,103,"2,650",4390 x 1810 x 1660,5,4X2,FF,-,4,4,CBU,INA,-,-,175,-,-,100,-,-,-,-,-,-,0.0%,0.0%,275
,,,,Xforce Type M  Export To South Africa,"1,499",CVT,G,42,"1,730","5,698",225/50R18,103,"2,650",4390 x 1810 x 1660,5,4X2,FF,-,4,4,CBU,INA,-,-,1,-,-,-,-,-,-,-,35,15,0.0%,0.0%,51
,,,,Xforce Type P Export To Egypt,"1,499",CVT,G,42,"1,730","5,698",225/50R18,103,"2,650",4390 x 1810 x 1660,5,4X2,FF,-,4,4,CBU,INA,-,-,175,-,-,150,-,-,-,-,-,-,0.0%,0.0%,325
,,,,Xforce Type P Export To South Africa,"1,499",CVT,G,42,"1,730","5,698",225/50R18,103,"2,650",4390 x 1810 x 1660,5,4X2,FF,-,4,4,CBU,INA,-,-,1,-,-,-,-,-,-,1,49,50,0.0%,0.0%,101
,,,,Xforce Export To Philippines,"1,499",CVT,G,42,"1,730","5,698",225/50R18,103,"2,650",4390 x 1810 x 1660,5,4X2,FF,-,4,4,CBU,INA,-,-,14,"1,133","1,139",721,513,499,349,4,220,-,0.7%,0.6%,"4,592"
,,,,Xforce Export To Vietnam,"1,499",CVT,G,42,"1,730","5,698",225/50R18,103,"2,650",4390 x 1810 x 1660,5,4X2,FF,-,4,4,CBU,INA,-,-,-,438,301,287,351,459,303,146,350,69,0.4%,0.3%,"2,704"
,,,,Xforce Type H Export To Mexico,"1,499",CVT,G,42,"1,730","5,698",225/50R18,103,"2,650",4390 x 1810 x 1660,5,4X2,FF,-,4,4,CBU,INA,-,-,-,166,165,165,110,250,275,233,231,480,0.3%,0.3%,"2,075"
,,,,Xforce Type N Export To Philippines,"1,499",CVT,G,42,"1,730","5,698",225/50R18,103,"2,650",4390 x 1810 x 1660,5,4X2,FF,-,4,4,CBU,INA,-,-,-,199,123,33,127,20,401,"1,034",111,-,0.3%,0.3%,"2,048"
,,,,Xforce Type P Export To Mexico,"1,499",CVT,G,42,"1,730","5,698",225/50R18,103,"2,650",4390 x 1810 x 1660,5,4X2,FF,-,4,4,CBU,INA,-,-,-,136,-,-,-,-,-,-,-,-,0.0%,0.0%,136
,,,,Xforce Type Q Export To Cambodia,"1,499",CVT,G,42,"1,730","5,698",225/50R18,103,"2,650",4390 x 1810 x 1660,5,4X2,FF,-,4,4,CBU,INA,-,-,-,80,-,30,50,51,49,-,-,-,0.0%,0.0%,260
,,,,Xforce Type Q Export To Brunei,"1,499",CVT,G,42,"1,730","5,698",225/50R18,103,"2,650",4390 x 1810 x 1660,5,4X2,FF,-,4,4,CBU,INA,-,-,-,3,27,20,20,20,-,37,35,66,0.0%,0.0%,228
,,,,Xforce Export To Mexico,"1,499",CVT,G,42,"1,730","5,698",225/50R18,103,"2,650",4390 x 1810 x 1660,5,4X2,FF,-,4,4,CBU,INA,-,-,-,-,135,135,90,200,225,403,650,871,0.4%,0.3%,"2,709"
,,,,Xforce Export To Vietnam,"1,499",CVT,G,42,"1,730","5,698",225/50R18,103,"2,650",4390 x 1810 x 1660,5,4X2,FF,-,4,4,CBU,INA,-,-,-,-,183,247,97,50,40,32,54,392,0.2%,0.1%,"1,095"
,,,,"Xforce Type H Export To Middle East (Bahrain, Kuwait, Oman, Qatar)","1,499",CVT,G,42,"1,730","5,698",225/50R18,103,"2,650",4390 x 1810 x 1660,5,4X2,FF,-,4,4,CBU,INA,-,-,-,-,-,2,139,70,108,40,30,25,0.1%,0.1%,414
,,,,"Xforce Type P Export To Middle East (Bahrain, Kuwait, Oman, Qatar)","1,499",CVT,G,42,"1,730","5,698",225/50R18,103,"2,650",4390 x 1810 x 1660,5,4X2,FF,-,4,4,CBU,INA,-,-,-,-,-,2,87,115,68,80,45,33,0.1%,0.1%,430
,,,,Xforce Type H Export To Chile,"1,499",CVT,G,42,"1,730","5,698",225/50R18,103,"2,650",4390 x 1810 x 1660,5,4X2,FF,-,4,4,CBU,INA,-,-,-,-,-,-,12,13,14,15,16,14,0.0%,0.0%,84
,,,,Xforce Type M  Export To Chile,"1,499",CVT,G,42,"1,730","5,698",225/50R18,103,"2,650",4390 x 1810 x 1660,5,4X2,FF,-,4,4,CBU,INA,-,-,-,-,-,-,34,26,43,35,39,36,0.0%,0.0%,213
,,,,Xforce Type P Export To Chile,"1,499",CVT,G,42,"1,730","5,698",225/50R18,103,"2,650",4390 x 1810 x 1660,5,4X2,FF,-,4,4,CBU,INA,-,-,-,-,-,-,18,24,40,41,43,32,0.0%,0.0%,198
,,,,"4Wd 2.4Dit 8At M.W 5P R,Mmal  H2","1,499",AT,D,42,"1,730","5,698",225/50R31,103,"2,650",4403 x 1810 x 1660,7,4X2,FF,-,4,4,CKD,INA,35,15,-,-,-,-,-,-,-,-,-,-,0.0%,0.0%,50
,,,,"4Wd 2.4Dit 8At M.W 5P R,Mmal  H6","1,499",AT,D,42,"1,730","5,698",225/50R32,103,"2,650",4404 x 1810 x 1660,7,4X2,FF,-,4,4,CKD,INA,86,141,3,-,-,-,-,-,-,-,-,-,0.0%,0.0%,230
,,,,"4Wd 2.4Dit 8At M.W 5P R,Mmal  H7","1,499",AT,D,42,"1,730","5,698",225/50R33,103,"2,650",4405 x 1810 x 1660,7,4X2,FF,-,4,4,CKD,INA,72,46,2,-,-,-,-,-,-,-,-,-,0.0%,0.0%,120
,,,,L100 Ev,-,-,BEV,42,"1,730","5,698",225/50R34,103,"2,650",4406 x 1810 x 1660,5,4X2,FF,-,4,4,CKD,INA,7,14,34,8,11,20,16,-,-,-,-,-,0.0%,0.0%,110
,,MORRIS GARAGE,PT. SAIC MOTOR INDONESIA,4 EV Magnify CKD,-,AT,BEV,-,-,-,215/50 R17,125,"2,705",4278 x 1836 x 1516,5,4X2,RR,-,5,4,CKD,INA,30,50,242,149,-,-,-,-,-,-,-,-,0.1%,0.1%,471
,,,,ZS EV Magnify,-,AT,BEV,-,-,-,215/55 R17,130,"2,585",4323 x 1809 x 1649,5,4X2,FR,-,5,4,CKD,INA,28,91,20,15,-,-,-,-,-,-,-,-,0.0%,0.0%,154
,,,,4 EV Ignite CKD,-,AT,BEV,-,-,-,215/50 R17,125,"2,705",4278 x 1836 x 1516,5,4X2,RR,-,5,4,CKD,INA,5,13,-,-,-,-,-,-,-,-,-,-,0.0%,0.0%,18
,,,,ZS EV Ignite,-,AT,BEV,-,-,-,215/55 R17,130,"2,585",4323 x 1809 x 1649,5,4X2,FR,-,5,4,CKD,INA,5,12,-,-,-,-,-,-,-,-,-,-,0.0%,0.0%,17
,,SUZUKI,PT. Suzuki Indomobil Motor,APV-GE,"1,495",MT,G,46,"1,950","4,300",185/80 R14,105,"2,625",4225 X 1655 X 1855,8,4X2,FR,-,4,4,CKD,INA,37,1,99,54,68,57,68,65,15,163,164,120,0.1%,0.1%,911
,,,,APV-GL,"1,495",MT,G,46,"1,950","4,300",185/80 R14,105,"2,625",4225 X 1655 X 1855,8,4X2,FR,-,4,4,CKD,INA,36,71,33,37,74,77,34,48,75,93,115,90,0.1%,0.1%,783
,,,,APV-GX,"1,495",MT,G,46,"1,950","4,300",195/65 R15,105,"2,625",4225 X 1655 X 1855,8,4X2,FR,-,4,4,CKD,INA,14,47,2,23,24,39,144,210,157,124,57,49,0.1%,0.1%,890
,,,,APV SGX,"1,495",MT,G,46,"1,950","4,300",195/65 R15,105,"2,625",4225 X 1655 X 1855,7,4X2,FR,-,4,4,CKD,INA,-,-,6,20,12,27,44,56,50,42,23,23,0.0%,0.0%,303
,,,,All  New Ertiga GA,"1,462",MT,G,45,"1,765","4,687",185/65 R15,92,"2,740",4265 X 1695 X 1685,7,4X2,FF,-,4,4,CKD,INA,2,1,1,2,-,-,2,5,5,5,1,12,0.0%,0.0%,36
,,,,All  New Ertiga GL MT,"1,462",MT,G,45,"1,765","4,687",185/65 R15,92,"2,740",4265 X 1695 X 1685,7,4X2,FF,-,4,4,CKD,INA,280,185,57,172,182,130,130,220,205,217,185,105,0.3%,0.3%,"2,068"
,,,,All  New Ertiga GL AT,"1,462",AT,G,45,"1,775","4,545",185/65 R15,92,"2,740",4265 X 1695 X 1685,7,4X2,FF,-,4,4,CKD,INA,134,3,92,128,171,108,84,105,67,93,132,142,0.2%,0.2%,"1,259"
,,,,All  New Ertiga Gx Hybrid Mt,"1,462",AT,HEV,45,"1,855","4,687",185/65 R15,92,"2,740",4265 X 1695 X 1685,7,4X2,FF,-,5,4,CKD,INA,183,111,152,84,114,92,46,153,132,89,74,15,0.2%,0.2%,"1,245"
,,,,All  New Ertiga Gx Hybrid At,"1,462",AT,HEV,45,"1,855","4,687",185/65 R15,92,"2,740",4265 X 1695 X 1685,7,4X2,FF,-,5,4,CKD,INA,402,138,219,56,193,314,356,469,204,295,237,43,0.4%,0.4%,"2,926"
,,,,All  New Ertiga Cr Hybrid Mt,"1,462",AT,HEV,45,"1,855","4,687",185/65 R15,92,"2,740",4265 X 1695 X 1685,7,4X2,FF,-,5,4,CKD,INA,24,15,15,14,15,9,5,-,-,-,-,-,0.0%,0.0%,97
,,,,All  New Ertiga Cr Hybrid At,"1,462",AT,HEV,45,"1,855","4,687",185/65 R15,92,"2,740",4265 X 1695 X 1685,7,4X2,FF,-,5,4,CKD,INA,82,43,42,35,32,19,65,5,26,28,10,-,0.1%,0.0%,387
,,,,All  New Ertiga Cr Hybrid 2Tone Mt,"1,462",AT,HEV,45,"1,855","4,687",185/65 R15,92,"2,740",4265 X 1695 X 1685,7,4X2,FF,-,5,4,CKD,INA,53,38,35,29,33,15,15,10,1,9,5,5,0.0%,0.0%,248
,,,,All  New Ertiga Cr Hybrid 2Tone At,"1,462",AT,HEV,45,"1,855","4,687",185/65 R15,92,"2,740",4265 X 1695 X 1685,7,4X2,FF,-,5,4,CKD,INA,172,118,99,34,51,59,5,66,16,9,30,85,0.1%,0.1%,744
,,,,XL-7 Zeta MT,"1,462",MT,G,45,"1,720","4,353",195/65 R16,105,"2,740",4450 X 1775 X 1710,7,4X2,FF,-,4,4,CKD,INA,238,319,258,184,222,233,209,228,262,242,181,89,0.4%,0.3%,"2,665"
,,,,XL-7 Zeta AT,"1,462",AT,G,45,"1,730","4,375",195/65 R16,105,"2,740",4450 X 1775 X 1710,7,4X2,FF,-,4,4,CKD,INA,236,405,311,330,264,252,235,336,365,437,282,253,0.6%,0.5%,"3,706"
,,,,XL-7 Alpha Hybrid MT,"1,462",MT,HEV,45,"1,720","4,353",195/65 R16,105,"2,740",4450 X 1775 X 1710,7,4X2,FF,-,4,4,CKD,INA,-,-,20,40,37,20,14,15,28,14,10,10,0.0%,0.0%,208
,,,,Xl-7 Alpha Hybrid AT,"1,462",AT,HEV,45,"1,730","4,375",195/65 R16,105,"2,740",4450 X 1775 X 1710,7,4X2,FF,-,4,4,CKD,INA,40,-,50,52,165,108,77,99,-,20,74,103,0.1%,0.1%,788
,,,,Xl-7   Beta Hybrid MT,"1,462",AT,HEV,45,"1,730","4,375",195/65 R16,105,"2,740",4450 X 1775 X 1710,7,4X2,FF,-,5,4,CKD,INA,234,109,143,129,209,91,130,113,97,135,115,29,0.2%,0.2%,"1,534"
,,,,Xl-7 Beta Hybrid AT,"1,462",AT,HEV,45,"1,730","4,375",195/65 R16,105,"2,740",4450 X 1775 X 1710,7,4X2,FF,-,5,4,CKD,INA,774,678,571,450,520,354,437,"1,110","1,045","1,082",997,796,1.3%,1.1%,"8,814"
,,,,Xl-7 Alpha Hybrid MT,"1,462",AT,HEV,45,"1,730","4,375",195/65 R16,105,"2,740",4450 X 1775 X 1710,7,4X2,FF,-,5,4,CKD,INA,98,37,65,49,73,119,87,93,41,109,99,62,0.1%,0.1%,932
,,,,Xl-7 Alpha Hybrid AT,"1,462",AT,HEV,45,"1,730","4,375",195/65 R16,105,"2,740",4450 X 1775 X 1710,7,4X2,FF,-,5,4,CKD,INA,309,256,416,198,340,438,472,401,492,496,369,338,0.7%,0.6%,"4,525"
,,TOYOTA,PT. Toyota Motor Mftg Indonesia,Yaris V (Sport Grade),"1,500",MT,G,42,"1,100",-,195 / 50 R16,106,"2,550",4145 x 1805 x 1500,5,4X2,FF,5,5,4,CKD,INA,5,2,-,-,3,1,1,-,-,-,-,-,0.0%,0.0%,12
,,,,Yaris V (Sport Grade),"1,500",CVT,G,42,"1,100",-,195 / 50 R16,106,"2,550",4145 x 1805 x 1500,5,4X2,FF,7,5,4,CKD,INA,76,38,32,23,47,9,40,30,50,2,5,9,0.1%,0.0%,361
,,,,Yaris Cross,"1,500",-,G,42,"1,100",-,195 / 50 R16,106,"2,550",4145 x 1805 x 1500,5,4X2,FF,7,5,4,CKD,INA,196,58,48,47,106,179,208,164,215,195,227,111,0.3%,0.2%,"1,754"
,,,,Yaris Cross,"1,500",-,G,42,"1,100",-,195 / 50 R16,106,"2,550",4145 x 1805 x 1500,5,4X2,FF,7,5,4,CKD,INA,"1,323","1,233","1,633","1,494","1,021",968,"1,459","1,965","1,461","1,489","1,270",529,2.4%,2.0%,"15,845"
,,,,Yaris Cross,"1,500",-,G,42,"1,100",-,195 / 50 R16,106,"2,550",4145 x 1805 x 1500,5,4X2,FF,7,5,4,CKD,INA,351,358,456,235,428,446,502,490,426,419,544,648,0.8%,0.7%,"5,303"
,,,,Yaris Cross,"1,500",-,G,42,"1,100",-,195 / 50 R16,106,"2,550",4145 x 1805 x 1500,5,4X2,FF,7,5,4,CKD,INA,-,-,19,52,50,131,15,-,-,10,-,7,0.0%,0.0%,284
,,,,Yaris Cross,"1,500",-,G,42,"1,100",-,195 / 50 R16,106,"2,550",4145 x 1805 x 1500,5,4X2,FF,7,5,4,CKD,INA,320,300,160,271,247,271,306,261,213,162,157,245,0.4%,0.4%,"2,913"
,,,,Yaris Cross,"1,500",-,G,42,"1,100",-,195 / 50 R16,106,"2,550",4145 x 1805 x 1500,5,4X2,FF,7,5,4,CKD,INA,5,4,-,-,-,-,-,-,-,-,-,-,0.0%,0.0%,9
,,,,Yaris Cross,"1,500",-,G,42,"1,100",-,195 / 50 R16,106,"2,550",4145 x 1805 x 1500,5,4X2,FF,7,5,4,CKD,INA,8,6,-,-,1,-,-,-,-,-,-,-,0.0%,0.0%,15
,,,,Yaris Cross,"1,500",-,G,42,"1,100",-,195 / 50 R16,106,"2,550",4145 x 1805 x 1500,5,4X2,FF,7,5,4,CKD,INA,13,-,10,5,4,-,-,-,-,-,-,-,0.0%,0.0%,32
,,,,Yaris Cross,"1,500",-,G,42,"1,100",-,195 / 50 R16,106,"2,550",4145 x 1805 x 1500,5,4X2,FF,7,5,4,CKD,INA,40,51,51,85,50,36,103,47,52,39,71,52,0.1%,0.1%,677
,,,,Yaris Cross,"1,500",-,G,42,"1,100",-,195 / 50 R16,106,"2,550",4145 x 1805 x 1500,5,4X2,FF,7,5,4,CKD,INA,35,31,49,36,43,32,57,43,77,31,32,26,0.1%,0.1%,492
,,,,Yaris Cross Hev,"1,500",-,HEV,42,"1,100",-,195 / 50 R16,106,"2,550",4145 x 1805 x 1500,5,4X2,FF,7,5,4,CKD,INA,237,172,306,50,139,308,139,410,217,366,399,253,0.5%,0.4%,"2,996"
,,,,Yaris Cross Hev,"1,500",-,HEV,42,"1,100",-,195 / 50 R16,106,"2,550",4145 x 1805 x 1500,5,4X2,FF,7,5,4,CKD,INA,165,127,111,45,63,37,28,26,125,137,193,192,0.2%,0.2%,"1,249"
,,,,Yaris Cross Hev,"1,500",-,HEV,42,"1,100",-,195 / 50 R16,106,"2,550",4145 x 1805 x 1500,5,4X2,FF,7,5,4,CKD,INA,172,27,49,279,22,20,27,27,64,270,13,137,0.2%,0.1%,"1,107"
,,,,Yaris Cross Hev,"1,500",-,HEV,42,"1,100",-,195 / 50 R16,106,"2,550",4145 x 1805 x 1500,5,4X2,FF,7,5,4,CKD,INA,96,33,25,11,9,5,1,341,403,608,254,369,0.3%,0.3%,"2,155"
,,,,Yaris Cross Hev,"1,500",-,HEV,42,"1,100",-,195 / 50 R16,106,"2,550",4145 x 1805 x 1500,5,4X2,FF,7,5,4,CKD,INA,1,-,3,15,7,19,20,17,8,-,-,-,0.0%,0.0%,90
,,,,Yaris Cross Hev,"1,500",-,HEV,42,"1,100",-,195 / 50 R16,106,"2,550",4145 x 1805 x 1500,5,4X2,FF,7,5,4,CKD,INA,100,163,55,101,78,83,70,85,98,93,117,98,0.2%,0.1%,"1,141"
,,,,"Veloz 1,5 At","1,500",CVT,G,45,"1,100",-,205 / 50 R17,105,"2,750",4475 x 1750 x 1700,7,4X2,FF,6,5,4,CKD,INA,788,769,649,59,669,892,"1,244",979,939,830,870,"1,297",1.5%,1.2%,"9,985"
,,,,"Veloz 1,5 Mt","1,500",MT,G,45,"1,100",-,195 / 60 R16,105,"2,750",4475 x 1750 x 1700,7,4X2,FF,5,5,4,CKD,INA,537,479,326,186,217,165,335,482,231,347,382,160,0.6%,0.5%,"3,847"
,,,,"Veloz 1,5 Mt","1,500",MT,G,45,"1,100",-,195 / 60 R16,105,"2,750",4475 x 1750 x 1700,7,4X2,FF,5,5,4,CKD,INA,150,183,95,193,129,80,206,235,127,203,30,27,0.3%,0.2%,"1,658"
,,,,"Veloz 1,5 Mt","1,500",CVT,G,45,"1,100",-,195 / 60 R16,105,"2,750",4475 x 1750 x 1700,7,4X2,FF,5,5,4,CKD,INA,-,-,5,-,5,5,7,15,3,3,3,-,0.0%,0.0%,46
,,,,"Veloz 1,5 At","1,500",CVT,G,45,"1,100",-,205 / 50 R17,105,"2,750",4475 x 1750 x 1700,7,4X2,FF,6,5,4,CKD,INA,"1,527",2,-,"1,102","1,218",485,343,616,270,385,578,708,1.1%,0.9%,"7,234"
,,,,"Veloz 1,5 At","1,500",CVT,G,45,"1,100",-,205 / 50 R17,105,"2,750",4475 x 1750 x 1700,7,4X2,FF,6,5,4,CKD,INA,214,386,146,228,306,131,365,297,208,269,292,390,0.5%,0.4%,"3,232"
,,,,"Veloz 1,5 At","1,500",CVT,G,45,"1,100",-,205 / 50 R17,105,"2,750",4475 x 1750 x 1700,7,4X2,FF,6,5,4,CKD,INA,187,201,375,114,163,207,281,398,283,275,212,227,0.4%,0.4%,"2,923"
,,,,"Veloz 1,5 At","1,500",CVT,G,45,"1,100",-,205 / 50 R17,105,"2,750",4475 x 1750 x 1700,7,4X2,FF,6,5,4,CKD,INA,"1,330","1,140",903,84,"1,095",786,"1,198","1,104","1,024","1,107",912,579,1.7%,1.4%,"11,262"
,,,,"Veloz 1,5 Mt","1,500",MT,G,45,"1,100",-,195 / 60 R16,105,"2,750",4475 x 1750 x 1700,7,4X2,FF,5,5,4,CKD,INA,733,16,7,840,916,564,459,465,223,211,362,510,0.8%,0.7%,"5,306"
,,,,"Veloz 1,5 At","1,500",CVT,G,45,"1,100",-,195 / 60 R16,105,"2,750",4475 x 1750 x 1700,7,4X2,FF,5,5,4,CKD,INA,62,39,112,4,47,62,80,50,54,56,37,49,0.1%,0.1%,652
,,,,"Veloz 1,5 At","1,500",CVT,G,45,"1,100",-,205 / 50 R17,105,"2,750",4475 x 1750 x 1700,7,4X2,FF,6,5,4,CKD,INA,110,9,-,-,-,-,-,-,3,330,153,-,0.1%,0.1%,605
,,,,"Veloz 1,5 At","1,500",CVT,G,45,"1,100",-,205 / 50 R17,105,"2,750",4475 x 1750 x 1700,7,4X2,FF,6,5,4,CKD,INA,569,"1,412",410,298,816,"1,236","1,372","1,106",768,830,377,"1,033",1.5%,1.3%,"10,227"
,,,,"Veloz 1,5 At","1,500",CVT,G,45,"1,100",-,205 / 50 R17,105,"2,750",4475 x 1750 x 1700,7,4X2,FF,6,5,4,CKD,INA,151,16,-,-,-,-,-,-,2,182,10,175,0.1%,0.1%,536
,,,,"Veloz 1,5 Mt","1,500",MT,G,45,"1,100",-,205 / 50 R17,105,"2,750",4475 x 1750 x 1700,7,4X2,FF,6,5,4,CKD,INA,154,323,217,93,106,281,363,169,266,194,142,172,0.4%,0.3%,"2,480"
,,,,"Veloz 1,5 At","1,500",CVT,G,45,"1,100",-,205 / 50 R17,105,"2,750",4475 x 1750 x 1700,7,4X2,FF,6,5,4,CKD,INA,"1,519","2,142","1,485","1,051","1,650","1,289","1,378","1,119","1,381","1,543","2,015","1,596",2.7%,2.3%,"18,168"
,,,PT. Astra Daihatsu Motor,"Avanza 1,3 M/T","1,300",MT,G,45,"1,100",-,185 / 65 R15,105,"2,750",4395 x 1750 x 1700,7,4X2,FF,5,5,4,CKD,INA,216,"1,123",860,431,"1,670","1,271","1,595",696,"1,926","1,733","2,435","1,932",2.4%,2.0%,"15,888"
,,,,"Avanza 1,3 At","1,300",CVT,G,45,"1,100",-,205 / 55 R16,105,"2,655",4395 x 1750 x 1700,7,4X2,FF,4,5,4,CKD,INA,486,648,221,412,761,612,859,700,625,955,914,946,1.2%,1.0%,"8,139"
,,,,"Avanza 1,5 M/T","1,500",MT,G,45,"1,100",-,185 / 65 R15,105,"2,750",4395 x 1750 x 1700,7,4X2,FF,5,5,4,CKD,INA,912,"1,412","1,127","1,005","1,085","1,507",811,"1,763","1,039","1,722","1,200","1,239",2.2%,1.9%,"14,822"
,,,,"Avanza 1,5 At","1,500",CVT,G,45,"1,100",-,205 / 55 R16,105,"2,655",4395 x 1750 x 1700,7,4X2,FF,4,5,4,CKD,INA,902,"1,193","1,438",896,"1,429",966,910,"1,726","1,086","1,519","1,716","2,024",2.4%,2.0%,"15,805"
,,,,Raize 1.2 E M/T,"1,200",MT,G,36,"1,255",-,205 / 65 R16,87,"2,525",4030 x 1710 x 1635,5,4X2,FF,5,5,4,CKD,INA,15,10,5,5,5,22,9,20,37,29,23,15,0.0%,0.0%,195
,,,,Raize 1.2 E M/T,"1,200",MT,G,36,"1,255",-,205 / 65 R16,87,"2,525",4030 x 1710 x 1635,5,4X2,FF,5,5,4,CKD,INA,143,80,218,492,438,327,548,378,403,431,533,488,0.7%,0.6%,"4,479"
,,,,Raize 1.2 E At,"1,200",AT,G,36,"1,255",-,205 / 65 R16,87,"2,525",4030 x 1710 x 1635,5,4X2,FF,5,5,4,CKD,INA,35,93,56,22,19,67,104,16,55,49,60,58,0.1%,0.1%,634
,,,,Raize 1.2 E M/T,"1,200",MT,G,36,"1,255",-,205 / 65 R16,87,"2,525",4030 x 1710 x 1635,5,4X2,FF,5,5,4,CKD,INA,127,25,114,13,136,247,227,74,230,128,145,130,0.2%,0.2%,"1,596"
,,,,Raize 1.2 E At,"1,200",AT,G,36,"1,255",-,205 / 65 R16,87,"2,525",4030 x 1710 x 1635,5,4X2,FF,5,5,4,CKD,INA,-,2,5,-,-,3,9,2,14,-,-,-,0.0%,0.0%,35
,,,,Raize 1.2 G M/T,"1,200",MT,G,36,"1,255",-,205 / 65 R16,87,"2,525",4030 x 1710 x 1635,5,4X2,FF,5,5,4,CKD,INA,75,19,69,401,272,213,287,277,202,157,378,144,0.4%,0.3%,"2,494"
,,,,Raize 1.2 G M/T,"1,200",MT,G,36,"1,255",-,205 / 65 R16,87,"2,525",4030 x 1710 x 1635,5,4X2,FF,5,5,4,CKD,INA,112,69,41,-,232,289,421,271,148,217,330,201,0.4%,0.3%,"2,331"
,,,,Raize 1.2 G At,"1,200",AT,G,36,"1,255",-,205 / 65 R16,87,"2,525",4030 x 1710 x 1635,5,4X2,FF,5,5,4,CKD,INA,20,5,5,12,77,95,78,30,27,43,65,55,0.1%,0.1%,512
,,,,Raize 1.2 Export,"1,200",AT,G,36,"1,255",-,205 / 65 R16,87,"2,525",4030 x 1710 x 1635,5,4X2,FF,5,5,4,CKD,INA,"5,071","5,017","4,724","4,500","5,162","4,416","4,739","5,017","4,402","5,067","5,218","5,301",8.9%,7.3%,"58,634"
,,,,Rush 1.5 G M/T  (Cb),"1,500",MT,G,45,"1,670",-,221 / 65 R16,103,"2,685",4441 x 1695 x 1705,7,4X2,FR,5,5,4,CKD,INA,472,417,157,255,116,174,229,204,117,278,204,350,0.4%,0.4%,"2,973"
,,,,Rush 1.5 G At (Cd),"1,500",AT,G,45,"1,670",-,222 / 65 R16,103,"2,685",4442 x 1695 x 1705,7,4X2,FR,4,5,4,CKD,INA,427,342,101,261,74,98,105,256,175,150,215,409,0.4%,0.3%,"2,613"
,,,,Rush 1.5 S M/T  (Bh),"1,500",MT,G,45,"1,670",-,223 / 65 R16,103,"2,685",4443 x 1695 x 1705,7,4X2,FR,5,5,4,CKD,INA,"2,330",936,"1,003","1,071","1,231",901,"1,479","1,284","1,202","1,197",902,847,2.2%,1.8%,"14,383"
,,,,Rush 1.5 S At (Cc),"1,500",AT,G,45,"1,670",-,224 / 65 R16,103,"2,685",4444 x 1695 x 1705,7,4X2,FR,4,5,4,CKD,INA,"1,743",271,601,"1,089","1,144",781,910,"1,144",966,"1,026",870,736,1.7%,1.4%,"11,281"
,,,,Rush 1.5 Export,"1,500",-,G,45,"1,670",-,225 / 65 R16,103,"2,685",4445 x 1695 x 1705,7,4X2,FR,-,5,4,CKD,INA,"1,244","1,373","1,306",956,882,587,961,"1,043",947,786,"1,159",935,1.8%,1.5%,"12,179"
,,,,Town / Lite,-,MT,G,-,-,-,-,-,-,-,-,4X2,FR,-,5,4,CK,INA,-,442,-,-,-,241,"1,807","1,747",809,-,-,-,0.8%,0.6%,"5,046"
,,WULING,PT. SGMW Indonesia,Confero 1.5,"1,500",MT,G,42,5,-,195/60 R15,107,"2,720",4493X1691X1715,7,4X2,FR,-,5,4,CKD,INA,100,100,150,-,-,82,235,260,250,300,344,800,0.4%,0.3%,"2,621"
,,,,Confero S 1.5C,"1,500",MT,G,42,5,-,195/60 R15,107,"2,720",4530X1691X1730,7,4X2,FR,-,5,4,CKD,INA,40,40,-,-,-,-,-,-,-,-,-,-,0.0%,0.0%,80
,,,,Confero S 1.5L,"1,500",MT,G,42,5,-,195/60 R15,107,"2,720",4530X1691X1730,7,4X2,FR,-,5,4,CKD,INA,50,-,20,-,-,-,-,-,-,-,-,-,0.0%,0.0%,70
,,,,Confero S 1.5L ACT,"1,500",AT,G,42,-,5,195/60 R15,107,"2,720",4530X1691X1730,-,4X2,FR,-,5,4,CKD,INA,20,-,-,-,-,-,-,-,-,-,-,-,0.0%,0.0%,20
,,,,Cortez 1.5 EX,"1,500",CVT,G,52,-,"4,058",205/55 R16,129,"2,750",4780X1816X1755,-,4X2,FF,-,5,4,CKD,INA,-,-,-,-,-,-,-,-,10,5,-,-,0.0%,0.0%,15
,,,,Formo 1.2 BV,"1,200",MT,G,42,-,5,195/60 R15,107,"2,720",4530X1691X1730,-,4X2,FR,-,5,4,CKD,INA,-,-,19,23,-,-,-,35,30,35,50,-,0.0%,0.0%,192
,,,,Formo 1.2,"1,200",MT,G,42,-,5,195/60 R15,107,"2,720",4530X1691X1730,-,4X2,FR,-,5,4,CKD,INA,30,20,-,-,-,-,-,-,-,-,-,-,0.0%,0.0%,50
,,,,Alvez 1.5 SE,"1,500",AT,G,-,-,-,-,-,-,-,-,4X2,FR,-,5,4,CKD,INA,-,50,20,20,30,-,40,60,50,120,100,60,0.1%,0.1%,550
,,,,Alvez 1.5 CE,"1,500",AT,G,-,-,-,-,-,-,-,-,4X2,FR,-,5,4,CKD,INA,49,80,-,30,50,-,-,-,50,100,83,117,0.1%,0.1%,559
,,,,Alvez 1.5 EX,"1,500",AT,G,-,-,-,-,-,-,-,-,4X2,FR,-,5,4,CKD,INA,145,170,50,-,120,-,80,210,200,300,238,150,0.3%,0.2%,"1,663"
,,,,New Almaz RS Pro,"1,500",CVT,G,-,-,-,-,-,-,-,-,-,-,-,5,4,CKD,INA,-,50,-,-,-,-,-,-,-,-,-,-,0.0%,0.0%,50
,,,,Air EV Lite,-,AT,BEV,-,-,-,-,-,-,-,-,4X2,FR,-,3,4,CKD,INA,100,160,100,110,100,-,50,50,75,72,172,88,0.2%,0.1%,"1,077"
,,,,Air EV Lite 300KM,-,AT,BEV,-,-,-,-,-,-,-,-,4X2,FR,-,3,4,CKD,INA,-,-,-,-,-,-,-,200,225,432,288,326,0.2%,0.2%,"1,471"
,,,,Air EV Standard Range,-,AT,BEV,-,-,-,-,-,-,-,-,4X2,FR,-,3,4,CKD,INA,100,70,-,-,-,-,-,-,-,-,-,-,0.0%,0.0%,170
,,,,Air EV Long Range,-,AT,BEV,-,-,-,-,-,-,-,-,4X2,FR,-,3,4,CKD,INA,-,-,144,50,50,20,60,150,200,360,504,64,0.2%,0.2%,"1,602"
,,,,Binguo 333 KM  AC,-,AT,BEV,-,-,-,-,-,-,-,-,-,-,-,3,4,CKD,INA,39,23,-,141,72,-,-,-,-,-,-,-,0.0%,0.0%,275
,,,,Binguo 333 KM  DC,-,AT,BEV,-,-,-,-,-,-,-,-,-,-,-,3,4,CKD,INA,-,211,578,685,144,-,-,-,-,-,-,-,0.2%,0.2%,"1,618"
,,,,Binguo 410 KM  DC,-,AT,BEV,-,-,-,-,-,-,-,-,-,-,-,3,4,CKD,INA,"1,817","1,347",961,-,-,-,-,-,-,-,-,-,0.6%,0.5%,"4,125"
,,,,Cloud 460 KM,-,AT,BEV,-,-,-,-,-,-,-,-,-,-,-,5,4,CKD,INA,-,-,5,700,350,520,581,645,360,289,246,-,0.6%,0.5%,"3,696"
,,,,Almaz 1.5SE T  CVT,"1,500",AT,G,-,-,-,-,-,-,-,-,4X2,FR,-,5,4,CKD,INA,50,80,50,-,-,-,-,-,-,130,145,660,0.2%,0.1%,"1,115"
,,TOTAL,,,,,,,,,,,,,,,,,,,,,"60,088","54,425","47,474","42,798","53,095","51,200","60,549","62,876","57,773","60,336","55,790","54,809",100%,83%,"661,213"
,,CUMMULATIVE,,,,,,,,,,,,,,,,,,,,,"60,088","114,513","161,987","204,785","257,880","309,080","369,629","432,505","490,278","550,614","606,404","661,213",,,
