1.   SEDAN  TYPE PRODUCTION                                   `JAN  JUL  2025,,,,,,,,,,,,,,,,,,,,,,,,,,,,,,,,,,,,,
CATEGORY,,SPECIFICATION,,,,,,,,,,,,,,,,,,,,,MONTH,,,,,,,,,,,,Segmt Share,Sedan Share,TOTAL 2025
,,BRAND,ASSEMBLER,TYPE / MODEL,CC,TRANS,"FUEL
(G/D)","TANK
CAPT","GVW
(Kg)",GEAR RATIO,WHEEL & TYRE SIZE,PS / HP,"WHEEL
BASE","DIMENSION
P x L x T",SEATER,DRIVE SYS.,,SPEED,DOOR,WHEELS,CBU,"ORIGIN
COUNTRY",JAN,FEB,MAR,APR,MAY,JUN,JUL,AUG,SEP,OCT,NOV,DEC,,,
,,,,,,,,,,,,,,,,,,,,,,,,,,,,,,,,,,,,,
SEDAN,CC < 1.500 [G/D],MERCEDES-BENZ PC,PT. Mercedes Benz Indonesia,C 200 AVA Line (W206),"1,496",AT,G,66,-,9,-,254,-,-,4,4X2,FR,-,4,4,CKD,IND,86,8,2,-,-,-,-,-,-,-,-,-,64.4%,6.5%,96
,,BMW,PT. Gaya Motor,218i Gran Coupe,"1,499",AT,G,50,"1,905",-,225/45 R17 94Y,140,"2,670",4526 x 1800 x 1420,-,4X2,FF,-,-,4,CKD,INA,3,1,2,-,-,-,-,-,-,-,-,-,4.0%,0.4%,6
,,,,218i Gran Coupe F74,"1,499",AT,G,49,"1,885",-,"225/40 R19 93 Y XL, 205/55 R17 91 V",150,"2,670",4546 x 1800 x 1445,-,4X2,-,-,-,-,-,-,-,-,-,-,-,-,47,-,-,-,-,-,31.5%,3.2%,47
,,,,,,,,,,,,,,,,,,,,,,,,,,,,,,,,,,,0.0%,0.0%,-
,,TOTAL,,,,,,,,,,,,,,,,,,,,,89,9,4,-,-,-,47,-,-,-,-,-,100%,10%,149
,,CUMMULATIVE,,,,,,,,,,,,,,,,,,,,,89,98,102,102,102,102,149,,,,,,,,
,,,,,,,,,,,,,,,,,,,,,,,,,,,,,,,,,,,,,
,CC 1.501 - 3.000 [G],BMW,PT. Gaya Motor,320i CKD-A7 A/T,"1,998",AT,G,59,"2,070",-,225/45 R18 95Y; 255/40 R18 99Y,184,"2,851",4713 x 1827 x 1440,5,4X2,FR,-,4,4,CKD,INA,25,70,1,2,46,13,31,-,-,-,-,-,14.3%,12.8%,188
,,,,330i CKD B7 A/T,"1,998",AT,G,59,"2,050",-,225/45 R18 95Y,184,"2,851",4709 x 1827 x 1435,-,4X2,FR,-,-,4,CKD,INA,6,47,44,5,22,1,23,-,-,-,-,-,11.2%,10.1%,148
,,,,520i G30 CKD AT,"1,998",AT,G,68,"2,285",-,245/40 R19 98Y; 275/35 R19 100Y,184,"2,975",4963 x 1868 x 1479,-,4X2,FR,-,-,4,CKD,INA,14,4,12,3,1,1,1,-,-,-,-,-,2.7%,2.5%,36
,,,,520i G60 CKD A/T,"1,998",AT,G,60,"2,335",-,-,190,"2,995",5060 x1 900 x 1515,5,4X2,FR,-,-,4,CKD,INA,39,10,3,36,56,47,3,-,-,-,-,-,14.7%,13.2%,194
,,,,735i Limousine RHD A/T,"2,998",AT,G,-,-,-,-,-,-,-,-,4X2,FR,-,-,-,CKD,INA,114,42,41,94,3,23,5,-,-,-,-,-,24.4%,22.0%,322
,,MERCEDES-BENZ PC,PT. Mercedes Benz Indonesia,A 200,"1,991",AT,G,41,"2,030",7,225/50 R17,184,"2,840","4,686 x 2,020 x 1,442",5,4X2,FR,-,4,4,CKD,IND,14,43,2,2,5,-,-,-,-,-,-,-,5.0%,4.5%,66
,,,,E 200 (W214) CKD,"1,998",AT,G,66,-,9,-,204,-,-,4,4X2,FR,-,4,4,CKD,IND,42,26,62,29,3,3,-,-,-,-,-,-,12.5%,11.3%,165
,,,,E 300 (W214) CKD,"1,998",AT,G,66,-,9,-,258,-,-,4,4X2,FR,-,4,4,CKD,IND,1,42,8,44,1,-,-,-,-,-,-,-,7.3%,6.5%,96
,,,,S 450,"2,996",AT,G,80,"2,700",9,"245/45, 275/40 R19",367,"3,165","5,255 x 2,130 x 1,494",5,4X2,FR,-,4,4,CKD,IND,-,-,-,-,-,-,-,-,-,-,-,-,0.0%,0.0%,-
,,,,C 300 AMG Line (W206),"1,998",AT,G,66,-,-,-,-,-,-,4,4X2,FR,-,4,4,CKD,IND,2,24,5,8,32,31,-,-,-,-,-,-,7.7%,7.0%,102
,,TOTAL,,,,,,,,,,,,,,,,,,,,,257,308,178,223,169,119,63,-,-,-,-,-,100%,90%,"1,317"
,,CUMMULATIVE,,,,,,,,,,,,,,,,,,,,,257,565,743,966,"1,135","1,254","1,317",,,,,,,,
,,,,,,,,,,,,,,,,,,,,,,,,,,,,,,,,,,,,,
,"CC > 3.001 [G]
/ 2.501 [D]",,,,,,,,,,,,,,,,,,,,,,,,,,,,,,,,,,#DIV/0!,0.0%,-
,,,,,,,,,,,,,,,,,,,,,,,,,,,,,,,,,,,#DIV/0!,0.0%,-
,,TOTAL,,,,,,,,,,,,,,,,,,,,,-,-,-,-,-,-,-,-,-,-,-,-,#DIV/0!,0%,-
,,CUMMULATIVE,,,,,,,,,,,,,,,,,,,,,-,-,-,-,-,-,-,-,,,,,100%,,
SEDAN PRODUCTION TOTAL SEDAN PRODUCTION CUMULATIVE,,,,,,,,,,,,,,,,,,,,,,,,,,,,,,,,,,,,,
,,,,,,,,,,,,,,,,,,,,,,,346,317,182,223,169,119,110,-,-,-,-,-,"1.466
0,2%",,
,,,,,,,,,,,,,,,,,,,,,,,346,663,845,"1,068","1,237","1,356","1,466",,,,,,,,
,,,,,,,,,,,,,,,,,,,,,,,,,,,,,,,,,,,,,
4X2 TYPE PRODUCTION,,,,,,,,,,,,,,,,,,,,,,,,,,,,,,,,,,,,,
CATEGORY,,BRAND,ASSEMBLER,MODEL/TYPE,CC,TRANS,FUEL,"KAPT.
TANG.","GVW
(Kg)",GEAR RATIO,WHEEL & TYRE SIZE,PS/HP,WHEEL BASE,DIMENSION                P x L x T,SEATER,DRIVE SYS.,,SPEED,DOOR,WHEEL,CKD,"ORIGIN
COUNTRY",JAN,FEB,MAR,APR,MAY,JUN,JUL,AUG,SEP,OCT,NOV,DEC,"Segmt
Share","4X2
Share","TOTAL
2025"
4X2 TYPE,CC < 1.500 [G/D],DAIHATSU,PT. Astra Daihatsu Motor,All New Xenia 1.3 M MT,"1,329",MT,G,43,"1,705","5,545",185/65R15,97,"2,750",4395X1730X1690,7,4X2,FF,-,5,4,CKD,INA,-,-,-,-,-,-,-,-,-,-,-,-,0.0%,0.0%,-
,,,,All New Xenia 1.3 X MT,"1,329",MT,G,43,"1,705","5,545",185/65R15,97,"2,750",4395X1730X1690,7,4X2,FF,-,5,4,CKD,INA,75,386,302,-,68,64,83,-,-,-,-,-,0.3%,0.2%,978
,,,,All New Xenia 1.3 X CVT,"1,329",AT,G,43,"1,705","5,105",185/65R15,97,"2,750",4395X1730X1690,7,4X2,FF,-,5,4,CKD,INA,48,233,113,-,21,41,70,-,-,-,-,-,0.1%,0.1%,526
,,,,All New Xenia 1.3 R MT,"1,329",MT,G,43,"1,705","5,545",185/65R15,97,"2,750",4395X1730X1690,7,4X2,FF,-,5,4,CKD,INA,50,358,266,-,90,50,86,-,-,-,-,-,0.2%,0.2%,900
,,,,All New Xenia 1.3 R CVT,"1,329",AT,G,43,"1,705","5,105",185/65R15,97,"2,750",4395X1730X1690,7,4X2,FF,-,5,4,CKD,INA,88,350,241,-,26,23,32,-,-,-,-,-,0.2%,0.2%,760
,,,,All New Xenia 1.5 R MT,"1,496",MT,G,43,"1,705","5,077",195/60R16,106,"2,750",4395X1730X1700,7,4X2,FF,-,5,4,CKD,INA,-,-,-,-,-,-,-,-,-,-,-,-,0.0%,0.0%,-
,,,,All New Xenia 1.5 R CVT,"1,496",AT,G,43,"1,705","5,105",195/60R16,106,"2,750",4395X1730X1700,7,4X2,FF,-,5,4,CKD,INA,39,96,80,-,52,21,40,-,-,-,-,-,0.1%,0.1%,328
,,,,All New Xenia 1.5 R ASA CVT,"1,496",AT,G,43,"1,705","5,105",195/60R16,106,"2,750",4395X1730X1700,7,4X2,FF,-,5,4,CKD,INA,-,-,-,-,-,-,-,-,-,-,-,-,0.0%,0.0%,-
,,,,Rocky 1.0 R ASA CVT,998,AT,G,36,"1,680","5,105",205/60/R17,98,"2,525",4030X1710X1635,5,4X2,FR,-,5,4,CKD,INA,-,-,-,-,-,-,1,-,-,-,-,-,0.0%,0.0%,1
,,,,Rocky 1.0 R CVT,998,AT,G,36,"1,680","5,105",205/60/R17,98,"2,525",4030X1710X1635,5,4X2,FR,-,5,4,CKD,INA,15,15,20,15,17,5,18,-,-,-,-,-,0.0%,0.0%,105
,,,,Rocky 1.0 R MT,998,MT,G,36,"1,680","5,462",205/60/R17,98,"2,525",4030X1710X1635,5,4X2,FR,-,5,4,CKD,INA,-,-,-,-,-,-,1,-,-,-,-,-,0.0%,0.0%,1
,,,,Rocky 1.2 X CVT,"1,200",AT,G,36,"1,680","5,105",205/65/R16,88,"2,525",4030X1710X1635,5,4X2,FR,-,5,4,CKD,INA,285,336,213,147,107,33,73,-,-,-,-,-,0.3%,0.3%,"1,194"
,,,,Rocky 1.2 X MT,"1,200",MT,G,36,"1,680","5,462",205/65/R16,88,"2,525",4030X1710X1635,5,4X2,FR,-,5,4,CKD,INA,94,88,73,69,39,14,18,-,-,-,-,-,0.1%,0.1%,395
,,,,Rocky 1.2 M CVT,"1,200",AT,G,36,"1,680","5,105",205/65/R16,88,"2,525",4030X1710X1635,5,4X2,FR,-,5,4,CKD,INA,-,-,-,12,-,-,-,-,-,-,-,-,0.0%,0.0%,12
,,,,Rocky 1.2 M MT,"1,200",MT,G,36,"1,680","5,462",205/65/R16,88,"2,525",4030X1710X1635,5,4X2,FR,-,5,4,CKD,INA,-,-,-,24,-,-,-,-,-,-,-,-,0.0%,0.0%,24
,,,,Luxio 1.5 D (New),"1,495",MT,G,43,"1,290","5,152",195/65R15,97,"2,650",4215X1710X1915,8,4X2,FR,-,5,4,CKD,INA,14,55,34,61,57,47,52,-,-,-,-,-,0.1%,0.1%,320
,,,,Luxio 1.5 X MT  (New),"1,298",MT,G,45,"1,320","5,152",195/65R15,97,"2,650",4215X1710X1915,8,4X2,FR,-,5,4,CKD,INA,23,97,62,145,86,92,107,-,-,-,-,-,0.2%,0.1%,612
,,,,Luxio 1.5 X AT  (New),"1,495",AT,G,43,"1,320","5,152",195/65R15,97,"2,650",4215X1710X1915,8,4X2,FR,-,5,4,CKD,INA,10,60,54,70,72,72,67,-,-,-,-,-,0.1%,0.1%,405
,,,,Luxio 1.5 AK MT,"1,495",MT,G,43,"1,320","5,152",195/65R15,97,"2,650",4215X1710X1915,2,4X2,FR,-,5,4,CKD,INA,2,17,4,4,5,4,5,-,-,-,-,-,0.0%,0.0%,41
,,,,All New Terios Ids X Mt (Mc 2023),"1,496",MT,G,45,"1,870","5,571",215/65/R16,104,"2,685",4455X1695X1705,7,4X2,FR,-,5,4,CKD,INA,547,"1,001","1,133",333,893,594,662,-,-,-,-,-,1.4%,1.1%,"5,163"
,,,,All New Terios Ids X At (Mc 2023),"1,496",AT,G,45,"1,870","5,857",215/65/R16,104,"2,685",4455X1695X1706,7,4X2,FR,-,5,4,CKD,INA,163,267,341,137,292,229,256,-,-,-,-,-,0.5%,0.4%,"1,685"
,,,,All New Terios Ids R Mt (Mc 2023),"1,496",MT,G,45,"1,870","5,571",215/60/R17,104,"2,685",4455X1695X1707,7,4X2,FR,-,5,4,CKD,INA,107,235,290,101,269,196,228,-,-,-,-,-,0.4%,0.3%,"1,426"
,,,,All New Terios Ids R At (Mc 2023),"1,496",AT,G,45,"1,870","5,857",215/60/R17,104,"2,685",4455X1695X1708,7,4X2,FR,-,5,4,CKD,INA,89,115,162,68,134,134,120,-,-,-,-,-,0.2%,0.2%,822
,,,,All New Terios Ids Custom Mt (Mc 2023),"1,496",MT,G,45,"1,870","5,571",215/60/R17,104,"2,685",4455X1695X1709,7,4X2,FR,-,5,4,CKD,INA,35,55,56,28,56,45,62,-,-,-,-,-,0.1%,0.1%,337
,,,,All New Terios Ids Custom At (Mc 2023),"1,496",AT,G,45,"1,870","5,857",215/60/R17,104,"2,685",4455X1695X1710,7,4X2,FR,-,5,4,CKD,INA,10,15,45,29,45,49,47,-,-,-,-,-,0.1%,0.1%,240
,,,,Gran Max BV 1.3,"1,298",MT,G,43,"2,000","5,125",165R1308PR,88,"2,650",4045X1665X1900,2,4X2,FR,-,5,4,CKD,INA,556,662,"1,145",446,"1,191",843,920,-,-,-,-,-,1.5%,1.3%,"5,763"
,,,,"Gran Max BV 1,5","1,500",MT,G,43,"2,000","5,125",165R1308PR,88,"2,650",4045X1665X1900,2,4X2,FR,-,5,4,CKD,INA,-,50,1,-,-,192,5,-,-,-,-,-,0.1%,0.1%,248
,,,,Gran Max MB 1.3 HI,"1,298",MT,G,43,"1,840","5,125",165R1308PR,88,"2,650",4045X1665X1900,9,4X2,FR,-,5,4,CKD,INA,76,116,174,45,179,112,225,-,-,-,-,-,0.2%,0.2%,927
,,,,Gran Max MB 1.3 HI  FF,"1,298",MT,G,43,"1,840","5,125",165R1308PR,88,"2,650",4045X1665X1900,8,4X2,FR,-,5,4,CKD,INA,25,59,71,17,70,51,84,-,-,-,-,-,0.1%,0.1%,377
,,,,Gran Max MB 1.5 HI,"1,500",MT,G,43,"1,840","4,875",165R1308PR,88,"2,650",4045X1665X1900,9,4X2,FR,-,5,4,CKD,INA,-,43,112,35,154,102,184,-,-,-,-,-,0.2%,0.1%,630
,,CHERY,PT Handal Indonesia Motor,OMDA 5 Z (Facelift),"1,500",CVT,G,-,-,-,-,-,-,-,5,4X2,-,-,5,4,CKD,INA,-,-,58,1,-,-,-,-,-,-,-,-,0.0%,0.0%,59
,,,,Gt,"1,500",CVT,G,-,-,-,-,-,-,-,5,4X2,-,-,5,4,CKD,INA,-,-,-,-,-,-,-,-,-,-,-,-,0.0%,0.0%,-
,,,,Omda E5 Pure,"1,500",CVT,G,-,-,-,-,-,-,-,5,4X2,-,-,5,4,CKD,INA,-,59,-,-,1,1,15,-,-,-,-,-,0.0%,0.0%,76
,,,,OMDA 5 RZ (Facelift),"1,500",CVT,G,-,-,-,-,-,-,-,5,4X2,-,-,5,4,CKD,INA,-,-,116,114,3,2,235,-,-,-,-,-,0.1%,0.1%,470
,,,,Omda E5,"1,500",CVT,G,-,-,-,-,-,-,-,5,4X2,-,-,5,4,CKD,INA,-,5,8,8,4,-,3,-,-,-,-,-,0.0%,0.0%,28
,,,,Tiggo 8 Csh Fwd,"1,500",AT,PHEV,75,-,-,-,-,-,-,7,4X2,-,-,5,4,CKD,INA,-,-,2,45,373,"1,419",522,-,-,-,-,-,0.6%,0.5%,"2,361"
,,,,Omoda C5 Viet Comfort  (Export),"1,500",CVT,G,-,-,-,-,-,-,-,5,4X2,-,-,5,4,CKD,INA,176,180,55,6,-,2,1,-,-,-,-,-,0.1%,0.1%,420
,,,,Omoda C5 Viet Luxury (Export),"1,500",CVT,G,-,-,-,-,-,-,-,5,4X2,-,-,5,4,CKD,INA,105,169,60,48,3,-,-,-,-,-,-,-,0.1%,0.1%,385
,,,,iCar 03 RWD,-,CVT,BEV,-,-,-,-,-,-,-,5,4X2,-,-,5,4,CKD,INA,172,74,119,224,251,7,223,-,-,-,-,-,0.3%,0.2%,"1,070"
,,,,Tiggo 5X  Classic,"1,500",CVT,G,-,-,-,-,-,-,-,5,4X2,-,-,5,4,CKD,INA,-,-,-,-,-,2,-,-,-,-,-,-,0.0%,0.0%,2
,,,,Tiggo 5X  Champion,"1,500",CVT,G,-,-,-,-,-,-,-,5,4X2,-,-,5,4,CKD,INA,50,10,5,2,1,-,-,-,-,-,-,-,0.0%,0.0%,68
,,,,Tiggo Cross Comfort,"1,500",AT,G,51,-,-,-,-,"2,670",4500X1842X1746,5,4X2,-,-,5,4,CKD,INA,-,59,53,3,2,59,61,-,-,-,-,-,0.1%,0.1%,237
,,,,Tiggo Cross   Premium,"1,500",AT,G,51,-,-,-,-,"2,670",4500X1842X1746,5,4X2,-,-,5,4,CKD,INA,-,276,164,384,751,345,382,-,-,-,-,-,0.6%,0.5%,"2,302"
,,,,Tiggo Cross   Sport,"1,500",AT,G,51,-,-,-,-,"2,670",4500X1842X1746,5,4X2,-,-,5,4,CKD,INA,-,-,-,-,-,-,114,-,-,-,-,-,0.0%,0.0%,114
,,,,Omoda C5  Non-Turbo VIET  Luxury (export),"1,500",CVT,G,-,-,-,-,-,-,-,5,4X2,-,-,5,4,CKD,INA,-,-,-,-,60,118,-,-,-,-,-,-,0.0%,0.0%,178
,,BMW,PT. Gaya Motor,X1 sDrive18i U11 A7 A/T,"1,499",AT,G,45,"2,075",-,225/55 R18 102Y,156,"2,692",4500 x 1845 x 1642,-,4X2,FF,-,-,4,CKD,INA,8,4,-,1,-,-,-,-,-,-,-,-,0.0%,0.0%,13
,,DFSK,PT. Sokonindo Automobile,GELORA EC35 BLIND VAN (4X2) A/T,-,AT,BEV,58,"2,035",-,225/60R17,150,"2,780",4680 X 1845 X 1715,7,4X2,FF,-,4,4,CKD,INA,-,-,60,20,20,-,40,-,-,-,-,-,0.0%,0.0%,140
,,,,GELORA EC36 MINI BUS 1.5 (4X2) A/T,-,AT,BEV,58,"2,035",-,225/60R17,150,"2,780",4680 X 1845 X 1715,7,4X2,FF,-,4,4,CKD,INA,-,-,-,-,-,40,-,-,-,-,-,-,0.0%,0.0%,40
,,SERES,PT. Sokonindo Automobile,E502 EV (4X2) A/T,-,-,BEV,-,-,-,-,-,-,-,4,4X2,-,-,-,-,CKD,INA,-,-,-,-,-,-,60,-,-,-,-,-,0.0%,0.0%,60
,,,,E502 EV B (4X2) A/T,-,-,BEV,-,-,-,-,-,-,-,4,4X2,-,-,-,-,CKD,INA,-,-,-,-,-,-,-,-,-,-,-,-,0.0%,0.0%,-
,,,,3 (E3) L EV (4X2) A/T,-,AT,BEV,-,-,-,-,-,-,-,4,4X2,-,-,-,-,CKD,INA,-,-,-,-,6,10,-,-,-,-,-,-,0.0%,0.0%,16
,,GWM,PT. Nasional Asembler,HAVAL JOLION HEV 1.5T  DHT  (4x2) A/T,"1,497",AT,HYBRID,55,-,-,225/55 R18,190/187,"2,700","4,472 X 1,841 X 1,619",5,4X2,FF,200,5,4,CKD,INA,42,25,-,5,9,5,25,-,-,-,-,-,0.0%,0.0%,111
,,HONDA,PT. Honda Prospect Motor,CITY HB RS,"1,500",MT,G,40,-,-,16 x 6J,121,"2,600",4349 x 1748 x 1488,-,4X2,FF,-,5,4,CKD,INA,-,-,-,-,-,-,-,-,-,-,-,-,0.0%,0.0%,-
,,,,CITY HB RS,"1,500",CVT,G,40,-,-,16 x 6J,121,"2,600",4349 x 1748 x 1488,-,4X2,FF,-,5,4,CKD,INA,-,-,-,-,-,-,-,-,-,-,-,-,0.0%,0.0%,-
,,,,New CITY HB RS-HS,"1,500",CVT,G,40,-,-,16 x 6J,121,"2,600",4349 x 1748 x 1488,-,4X2,FF,-,5,4,CKD,INA,120,180,120,-,-,-,-,-,-,-,-,-,0.1%,0.1%,420
,,,,New Mobilio S,"1,497",MT,G,42,-,-,15,118,"2,650",4386 x 1683 x 1603,7,4X2,FF,-,5,4,CKD,INA,-,-,-,-,-,-,-,-,-,-,-,-,0.0%,0.0%,-
,,,,WR-V E,"1,500",MT,G,35,-,-,16 x 7J,119,"2,485",4060 x 1780 x 1608,-,4X2,FF,-,5,4,CKD,INA,30,-,-,30,-,30,-,-,-,-,-,-,0.0%,0.0%,90
,,,,WR-V E,"1,500",CVT,G,35,-,-,16 x 7J,119,"2,485",4060 x 1780 x 1608,-,4X2,FF,-,5,4,CKD,INA,30,60,30,-,90,-,-,-,-,-,-,-,0.1%,0.0%,210
,,,,WR-V RS,"1,500",CVT,G,35,-,-,17 x 7J,119,"2,485",4060 x 1780 x 1608,-,4X2,FF,-,5,4,CKD,INA,480,450,780,90,60,210,300,-,-,-,-,-,0.6%,0.5%,"2,370"
,,,,WR-V RS - HS,"1,500",CVT,G,35,-,-,17 x 7J,119,"2,485",4060 x 1780 x 1608,-,4X2,FF,-,5,4,CKD,INA,150,180,60,210,540,270,-,-,-,-,-,-,0.4%,0.3%,"1,410"
,,,,New HR-V SE,"1,497",CVT,G,-,-,-,-,-,-,-,5,4X2,FF,-,5,4,CKD,INA,92,60,-,-,-,-,-,-,-,-,-,-,0.0%,0.0%,152
,,,,New HR-V RS,"1,497",CVT,G,-,-,-,-,-,-,-,5,4X2,FF,-,5,4,CKD,INA,30,-,-,-,-,-,-,-,-,-,-,-,0.0%,0.0%,30
,,,,New HR-V E,"1,497",CVT,G,40,-,-,-,121,"2,610",4347 x 1790 x 1590,-,4X2,FF,-,5,-,CKD,INA,-,-,-,-,111,180,90,-,-,-,-,-,0.1%,0.1%,381
,,,,New HR-V E+,"1,497",CVT,G,40,-,-,-,121,"2,610",4347 x 1790 x 1590,-,4X2,FF,-,5,-,CKD,INA,-,-,-,-,450,930,420,-,-,-,-,-,0.5%,0.4%,"1,800"
,,,,New HR-V e:HEV,"1,497",CVT,HYBRID,40,-,-,-,106/131,"2,610",4347 x 1790 x 1590,-,4X2,FF,-,5,-,CKD,INA,-,-,-,-,30,330,750,-,-,-,-,-,0.3%,0.2%,"1,110"
,,,,New HR-V RS e:HEV,"1,497",CVT,HYBRID,40,-,-,-,106/131,"2,610",4347 x 1790 x 1590,-,4X2,FF,-,5,-,CKD,INA,-,-,-,-,21,390,390,-,-,-,-,-,0.2%,0.2%,801
,,,,BR-V S,"1,500",MT,G,42,-,-,-,-,-,-,7,4X2,FF,-,5,4,CKD,INA,-,-,300,360,-,210,150,-,-,-,-,-,0.3%,0.2%,"1,020"
,,,,BR-V E,"1,500",MT,G,42,-,-,-,-,-,-,7,4X2,FF,-,5,4,CKD,INA,-,-,-,-,-,120,-,-,-,-,-,-,0.0%,0.0%,120
,,,,BR-V E,"1,500",CVT,G,42,-,-,-,-,-,-,7,4X2,FF,-,5,4,CKD,INA,90,30,120,-,90,180,-,-,-,-,-,-,0.1%,0.1%,510
,,,,BR-V E PRESTIGE,"1,500",CVT,G,42,-,-,-,-,-,-,7,4X2,FF,-,5,4,CKD,INA,-,-,-,330,270,390,60,-,-,-,-,-,0.3%,0.2%,"1,050"
,,,,BR-V Prestige-HS,"1,500",CVT,G,42,-,-,-,-,-,-,7,4X2,FF,-,5,4,CKD,INA,60,90,-,-,60,120,-,-,-,-,-,-,0.1%,0.1%,330
,,,,Brio RS,"1,198",MT,G,35,960,-,-,88,"2,345",3610 x 1680 x 1485,5,4X2,FF,-,4,4,CKD,INA,60,-,-,-,-,-,60,-,-,-,-,-,0.0%,0.0%,120
,,,,Brio RS,"1,198",AT,G,35,960,-,-,88,"2,345",3610 x 1680 x 1485,5,4X2,FF,-,4,4,CKD,INA,300,540,420,120,180,180,240,-,-,-,-,-,0.5%,0.4%,"1,980"
,,HYUNDAI,PT. Hyundai Motor Mftg Indonesia,Creta FL Active 1.5 MT,"1,500",MT,G,40,"1,590",-,215/60/R17,115,"2,610",4315 x 1790 x 1630,5,4X2,FF,-,5,4,CKD,INA,10,-,-,-,-,-,-,-,-,-,-,-,0.0%,0.0%,10
,,,,Creta FL Trend 1.5 MT,"1,500",MT,G,40,"1,590",-,215/60/R17,115,"2,610",4315 x 1790 x 1630,5,4X2,FF,-,5,4,CKD,INA,28,4,-,-,1,-,-,-,-,-,-,-,0.0%,0.0%,33
,,,,Creta FL Trend 1.5 IVT,"1,500",AT,G,40,"1,590",-,215/60/R17,115,"2,610",4315 x 1790 x 1630,5,4X2,FF,-,5,4,CKD,INA,-,4,35,49,37,18,48,-,-,-,-,-,0.1%,0.0%,191
,,,,Creta FL Style 1.5 IVT,"1,500",AT,G,40,"1,590",-,215/60/R17,115,"2,610",4315 x 1790 x 1630,5,4X2,FF,-,5,4,CKD,INA,18,7,5,30,13,3,24,-,-,-,-,-,0.0%,0.0%,100
,,,,Creta FL Prime 1.5 IVT,"1,500",AT,G,40,"1,590",-,215/60/R17,115,"2,610",4315 x 1790 x 1630,5,4X2,FF,-,5,4,CKD,INA,112,73,54,200,85,-,56,-,-,-,-,-,0.2%,0.1%,580
,,,,Creta FL Prime 1.5 IVT  Two Tone,"1,500",AT,G,40,"1,590",-,215/60/R17,115,"2,610",4315 x 1790 x 1630,5,4X2,FF,-,5,4,CKD,INA,180,109,33,40,50,9,85,-,-,-,-,-,0.1%,0.1%,506
,,,,Creta FL N Line 1.5 IVT,"1,500",AT,G,40,"1,590",-,215/60/R17,115,"2,610",4315 x 1790 x 1630,5,4X2,FF,-,5,4,CKD,INA,221,124,36,24,42,39,78,-,-,-,-,-,0.2%,0.1%,564
,,,,Creta FL N Line 1.5 IVT  Two Tone,"1,500",AT,G,40,"1,590",-,215/60/R17,115,"2,610",4315 x 1790 x 1630,5,4X2,FF,-,5,4,CKD,INA,194,152,237,294,249,231,230,-,-,-,-,-,0.4%,0.3%,"1,587"
,,,,Creta FL N Line 1.5T  IVT,"1,500",AT,G,40,"1,590",-,215/60/R17,115,"2,610",4315 x 1790 x 1630,5,4X2,FF,-,5,4,CKD,INA,65,34,-,-,-,12,2,-,-,-,-,-,0.0%,0.0%,113
,,,,Creta FL N Line 1.5T  IVT  Two Tone,"1,500",AT,G,40,"1,590",-,215/60/R17,115,"2,610",4315 x 1790 x 1630,5,4X2,FF,-,5,4,CKD,INA,56,40,6,-,8,83,56,-,-,-,-,-,0.1%,0.1%,249
,,,,Kona EV Style,-,AT,BEV,-,-,-,-,-,-,-,5,4X2,FF,-,5,4,CKD,INA,2,-,-,-,-,-,-,-,-,-,-,-,0.0%,0.0%,2
,,,,Kona EV Prime Reguler,-,AT,BEV,-,-,-,-,-,-,-,5,4X2,FF,-,5,4,CKD,INA,-,10,-,-,-,-,-,-,-,-,-,-,0.0%,0.0%,10
,,,,Kona EV Signature Extended,-,AT,BEV,-,-,-,-,-,-,-,5,4X2,FF,-,5,4,CKD,INA,79,14,67,11,-,1,1,-,-,-,-,-,0.0%,0.0%,173
,,,,Kona EV Signature Extended Two Tone,-,AT,BEV,-,-,-,-,-,-,-,5,4X2,FF,-,5,4,CKD,INA,-,-,17,2,-,1,-,-,-,-,-,-,0.0%,0.0%,20
,,,,Kona EV N Line,-,AT,BEV,-,-,-,-,-,-,-,5,4X2,FF,-,5,4,CKD,INA,25,107,4,-,-,-,-,-,-,-,-,-,0.0%,0.0%,136
,,,,Kona EV N Line Two Tone,-,AT,BEV,-,-,-,-,-,-,-,5,4X2,FF,-,5,4,CKD,INA,4,32,1,-,-,1,-,-,-,-,-,-,0.0%,0.0%,38
,,,,Creta THI 1.5 AT  (Export),"1,500",AT,G,40,"1,660",-,215/60/R17,115,"2,610",4315 x 1790 x 1630,5,4X2,FF,-,5,4,CKD,INA,-,1,-,-,-,-,-,-,-,-,-,-,0.0%,0.0%,1
,,,,Creta AP 1.5 AT  (Export),"1,500",AT,G,40,"1,660",-,215/60/R17,115,"2,610",4315 x 1790 x 1630,5,4X2,FF,-,5,4,CKD,INA,57,-,1,12,-,6,11,-,-,-,-,-,0.0%,0.0%,87
,,,,Creta VIE 1.5 AT  (Export),"1,500",AT,G,40,"1,660",-,215/60/R17,115,"2,610",4315 x 1790 x 1630,5,4X2,FF,-,5,4,CKD,INA,-,-,-,-,-,-,-,-,-,-,-,-,0.0%,0.0%,-
,,,,Creta VIE 1.5 AT  (Export),"1,500",AT,G,40,"1,660",-,215/60/R17,115,"2,610",4315 x 1790 x 1630,5,4X2,FF,-,5,4,CKD,INA,-,-,-,-,1,-,240,-,-,-,-,-,0.1%,0.1%,241
,,,,Creta MEA 1.5 MT  (Export),"1,500",MT,G,40,"1,660",-,215/60/R17,115,"2,610",4315 x 1790 x 1630,5,4X2,FF,-,5,4,CKD,INA,-,-,-,-,-,-,1,-,-,-,-,-,0.0%,0.0%,1
,,,,Creta MEA 1.5 AT  (Export),"1,500",AT,G,40,"1,660",-,215/60/R17,115,"2,610",4315 x 1790 x 1630,5,4X2,FF,-,5,4,CKD,INA,"1,328","2,640",880,898,952,"2,307","2,274",-,-,-,-,-,3.0%,2.5%,"11,279"
,,,,Creta PHI 1.5 MT  (Export),"1,500",MT,G,40,"1,660",-,215/60/R17,115,"2,610",4315 x 1790 x 1630,5,4X2,FF,-,5,4,CKD,INA,-,-,-,-,-,-,-,-,-,-,-,-,0.0%,0.0%,-
,,,,Creta PHI 1.5 AT  (Export),"1,500",AT,G,40,"1,660",-,215/60/R17,115,"2,610",4315 x 1790 x 1630,5,4X2,FF,-,5,4,CKD,INA,-,-,-,152,230,170,130,-,-,-,-,-,0.2%,0.1%,682
,,,,Creta MEX 1.5 MT  (Export),"1,500",MT,G,40,"1,660",-,215/60/R17,115,"2,610",4315 x 1790 x 1630,5,4X2,FF,-,5,4,CKD,INA,42,155,505,194,376,314,137,-,-,-,-,-,0.5%,0.4%,"1,723"
,,,,Creta MEX 1.5 AT  (Export),"1,500",AT,G,40,"1,660",-,215/60/R17,115,"2,610",4315 x 1790 x 1630,5,4X2,FF,-,5,4,CKD,INA,28,813,"2,154","1,282","1,214",612,"1,584",-,-,-,-,-,2.1%,1.7%,"7,687"
,,,,Creta CSA 1.5 MT  (Export),"1,500",MT,G,40,"1,660",-,215/60/R17,115,"2,610",4315 x 1790 x 1630,5,4X2,FF,-,5,4,CKD,INA,369,10,22,139,266,196,147,-,-,-,-,-,0.3%,0.3%,"1,149"
,,,,Creta CSA 1.5 AT  (Export),"1,500",AT,G,40,"1,660",-,215/60/R17,115,"2,610",4315 x 1790 x 1630,5,4X2,FF,-,5,4,CKD,INA,388,219,233,515,488,464,482,-,-,-,-,-,0.7%,0.6%,"2,789"
,,,,Stargazer Active MT,"1,500",MT,G,40,"1,780",-,205/55/R15,115,"2,780",4460 x 1780 x 1695,7,4X2,FF,-,5,4,CKD,INA,3,-,-,6,9,1,10,-,-,-,-,-,0.0%,0.0%,29
,,,,Stargazer Active IVT,"1,500",AT,G,40,"1,830",-,205/55/R15,115,"2,780",4460 x 1780 x 1695,7,4X2,FF,-,5,4,CKD,INA,1,-,19,1,-,1,5,-,-,-,-,-,0.0%,0.0%,27
,,,,Stargazer Essential Tech 7 Seat,"1,500",AT,G,40,"1,830",-,205/55/R16,115,"2,780",4460 x 1780 x 1695,7,4X2,FF,-,5,4,CKD,INA,75,134,41,72,29,60,95,-,-,-,-,-,0.1%,0.1%,506
,,,,Stargazer Essential Tech 6 Seat,"1,500",AT,G,40,"1,830",-,205/55/R16,115,"2,780",4460 x 1780 x 1695,6,4X2,FF,-,5,4,CKD,INA,82,127,25,176,75,121,96,-,-,-,-,-,0.2%,0.2%,702
,,,,Stargazer Prime 7 Seat,"1,500",AT,G,40,"1,830",-,205/55/R16,115,"2,780",4460 x 1780 x 1695,7,4X2,FF,-,5,4,CKD,INA,12,83,68,186,27,52,93,-,-,-,-,-,0.1%,0.1%,521
,,,,Stargazer Prime 6 Seat,"1,500",AT,G,40,"1,830",-,205/55/R16,115,"2,780",4460 x 1780 x 1695,6,4X2,FF,-,5,4,CKD,INA,39,141,118,442,9,176,103,-,-,-,-,-,0.3%,0.2%,"1,028"
,,,,Stargazer Prime 7 Seat Two Tone,"1,500",AT,G,40,"1,830",-,205/55/R16,115,"2,780",4460 x 1780 x 1695,7,4X2,FF,-,5,4,CKD,INA,2,12,22,24,5,8,32,-,-,-,-,-,0.0%,0.0%,105
,,,,Stargazer Prime 6 Seat Two Tone,"1,500",AT,G,40,"1,830",-,205/55/R16,115,"2,780",4460 x 1780 x 1695,6,4X2,FF,-,5,4,CKD,INA,6,23,43,71,8,109,34,-,-,-,-,-,0.1%,0.1%,294
,,,,Stargazer Essential MT  7 Seat,"1,500",MT,G,40,"1,830",-,205/55/R16,115,"2,780",4460 x 1780 x 1695,6,4X2,FF,-,5,4,CKD,INA,10,10,-,-,-,5,2,-,-,-,-,-,0.0%,0.0%,27
,,,,Stargazer Essential MT  6 Seat,"1,500",MT,G,40,"1,830",-,205/55/R16,115,"2,780",4460 x 1780 x 1695,6,4X2,FF,-,5,4,CKD,INA,-,-,-,-,-,-,8,-,-,-,-,-,0.0%,0.0%,8
,,,,Stargazer Essential IVT  7 Seat,"1,500",AT,G,40,"1,830",-,205/55/R16,115,"2,780",4460 x 1780 x 1695,6,4X2,FF,-,5,4,CKD,INA,105,222,105,-,-,12,64,-,-,-,-,-,0.1%,0.1%,508
,,,,Stargazer Essential IVT  6 Seat,"1,500",AT,G,40,"1,830",-,205/55/R16,115,"2,780",4460 x 1780 x 1695,6,4X2,FF,-,5,4,CKD,INA,145,196,66,39,48,3,25,-,-,-,-,-,0.1%,0.1%,522
,,,,Stargazer Cartenz Trend MT,"1,500",MT,G,-,-,-,-,-,"2,780",4575 x 1780 x 1695,7,4X2,FF,-,5,4,CKD,INA,-,-,-,-,-,-,1,-,-,-,-,-,0.0%,0.0%,1
,,,,Stargazer Cartenz Trend IVT,"1,500",AT,G,-,-,-,-,-,"2,780",4575 x 1780 x 1710,7,4X2,FF,-,5,4,CKD,INA,-,-,-,-,-,-,-,-,-,-,-,-,0.0%,0.0%,-
,,,,Stargazer Cartenz Style MT  7 Seat,"1,500",MT,G,-,-,-,-,-,"2,780",4575 x 1780 x 1695,7,4X2,FF,-,5,4,CKD,INA,-,-,-,-,-,-,1,-,-,-,-,-,0.0%,0.0%,1
,,,,Stargazer Cartenz Prime HSS 7 Seat,"1,500",AT,G,-,-,-,-,-,"2,780",4575 x 1780 x 1710,7,4X2,FF,-,5,4,CKD,INA,-,-,-,-,-,-,27,-,-,-,-,-,0.0%,0.0%,27
,,,,Stargazer Cartenz Prime HSS 6 Seat,"1,500",AT,G,-,-,-,-,-,"2,780",4575 x 1780 x 1710,6,4X2,FF,-,5,4,CKD,INA,-,-,-,-,-,-,178,-,-,-,-,-,0.0%,0.0%,178
,,,,Stargazer X Prime 7 Seat,"1,500",AT,G,40,"1,830",-,205/55/R16,115,"2,780",4460 x 1780 x 1695,6,4X2,FF,-,5,4,CKD,INA,115,2,70,-,39,9,23,-,-,-,-,-,0.1%,0.1%,258
,,,,Stargazer X Prime 6 Seat,"1,500",AT,G,40,"1,830",-,205/55/R16,115,"2,780",4460 x 1780 x 1695,6,4X2,FF,-,5,4,CKD,INA,226,42,207,135,69,41,44,-,-,-,-,-,0.2%,0.2%,764
,,,,Stargazer X Prime 7 Seat Two Tone,"1,500",AT,G,40,"1,830",-,205/55/R16,115,"2,780",4460 x 1780 x 1695,6,4X2,FF,-,5,4,CKD,INA,16,-,2,3,6,2,-,-,-,-,-,-,0.0%,0.0%,29
,,,,Stargazer X Prime 6 Seat Two Tone,"1,500",AT,G,40,"1,830",-,205/55/R16,115,"2,780",4460 x 1780 x 1695,6,4X2,FF,-,5,4,CKD,INA,26,13,11,36,14,-,-,-,-,-,-,-,0.0%,0.0%,100
,,,,Stargazer VIE 1.5 IVT  (Export),"1,500",AT,G,40,"1,830",-,205/55/R16,115,"2,780",4460 x 1780 x 1695,6,4X2,FF,-,5,4,CKD,INA,386,450,548,6,700,551,500,-,-,-,-,-,0.8%,0.7%,"3,141"
,,,,Stargazer PHI 1.5 IVT  (Export),"1,500",AT,G,40,"1,830",-,205/55/R16,115,"2,780",4460 x 1780 x 1695,6,4X2,FF,-,5,4,CKD,INA,285,350,372,320,228,360,313,-,-,-,-,-,0.6%,0.5%,"2,228"
,,,,Stargazer AP 1.5 IVT  (Export),"1,500",AT,G,40,"1,830",-,205/55/R16,115,"2,780",4460 x 1780 x 1695,6,4X2,FF,-,5,4,CKD,INA,25,45,35,35,90,90,90,-,-,-,-,-,0.1%,0.1%,410
,,,,Stargazer MEA 1.5 IVT  (Export),"1,500",AT,G,40,"1,830",-,205/55/R16,115,"2,780",4460 x 1780 x 1695,6,4X2,FF,-,5,4,CKD,INA,-,-,-,-,15,4,1,-,-,-,-,-,0.0%,0.0%,20
,,,,Stargazer CSA 1.5 IVT  (Export),"1,500",AT,G,40,"1,830",-,205/55/R16,115,"2,780",4460 x 1780 x 1695,6,4X2,FF,-,5,4,CKD,INA,-,3,5,12,8,6,1,-,-,-,-,-,0.0%,0.0%,35
,,,,Ioniq5 Signature Extended,-,AT,BEV,-,-,-,-,-,-,-,5,4X2,FF,-,5,4,CKD,INA,-,-,-,-,-,-,16,-,-,-,-,-,0.0%,0.0%,16
,,,,Ioniq5 Signature N,-,AT,BEV,-,-,-,-,-,-,-,5,4X2,FF,-,5,4,CKD,INA,20,1,-,4,3,7,3,-,-,-,-,-,0.0%,0.0%,38
,,JAECOO,PT Handal Indonesia Motor,J7,"1,500",-,PHEV,-,-,-,-,-,-,-,-,4X2,-,-,-,-,CKD,INA,-,-,-,-,3,161,252,-,-,-,-,-,0.1%,0.1%,416
,,JETOUR,PT Handal Indonesia Motor,Dashing Journey,"1,498",AT,G,57,"1,513",-,18,156,"2,720",4590 x 1900 x 1685,5,4X2,FF,-,5,4,CKD,INA,4,-,5,46,17,-,1,-,-,-,-,-,0.0%,0.0%,73
,,,,Dashing Inspira,"1,498",AT,G,57,"1,550",-,19,156,"2,720",4590 x 1900 x 1685,5,4X2,FF,-,5,4,CKD,INA,2,39,56,18,51,15,8,-,-,-,-,-,0.1%,0.0%,189
,,,,X70P Journey,"1,498",AT,G,57,"1,551",-,19,156,"2,720",4724 x 1900 x 1720,7,4X2,FF,-,5,4,CKD,INA,-,-,47,-,9,2,-,-,-,-,-,-,0.0%,0.0%,58
,,,,X70P Inspira,"1,498",AT,G,57,"1,576",-,19,156,"2,720",4724 x 1900 x 1720,7,4X2,FF,-,5,4,CKD,INA,-,-,20,92,7,3,1,-,-,-,-,-,0.0%,0.0%,123
,,MITSUBISHI MOTORS,PT. Mitsubishi Motors Krama Yudha Indonesia,Xpander 1.5 2WD 4AT  M YET,"1,499",AT,G,45,"1,780","4,375",205/55 R16,104,"2,775",4475 X 1750 X 1700,7,4X2,FF,-,4,4,CKD,INA,-,25,-,-,-,147,53,-,-,-,-,-,0.1%,0.0%,225
,,,,Xpander 1.5 2WD 4AT  H YET,"1,499",AT,G,45,"1,780","4,375",205/55 R16,104,"2,775",4475 X 1750 X 1700,7,4X2,FF,-,4,4,CKD,INA,-,125,-,-,-,204,71,-,-,-,-,-,0.1%,0.1%,400
,,,,Xpander 1.5 2WD 4AT  Q VET,"1,499",AT,G,45,"1,780","4,375",205/55 R16,104,"2,775",4475 X 1750 X 1700,7,4X2,FF,-,4,4,CKD,INA,"1,129","1,475",820,"1,127",195,1,"1,543",-,-,-,-,-,1.7%,1.4%,"6,290"
,,,,Xpander 1.5 2WD 4AT  Q VET,"1,499",AT,G,45,"1,780","4,375",205/55 R16,104,"2,775",4475 X 1750 X 1700,7,4X2,FF,-,4,4,CKD,INA,-,-,-,-,-,-,-,-,-,-,-,-,0.0%,0.0%,-
,,,,Xpander 1.5 2WD 5MT  H PHL,"1,499",MT,G,45,"1,780","4,375",205/55 R16,104,"2,775",4475 X 1750 X 1700,7,4X2,FF,-,4,4,CKD,INA,35,204,171,138,99,84,164,-,-,-,-,-,0.2%,0.2%,895
,,,,Xpander 1.5 2WD 4AT  H PHL,"1,499",AT,G,45,"1,780","4,375",205/55 R16,104,"2,775",4475 X 1750 X 1700,7,4X2,FF,-,4,4,CKD,INA,-,-,-,-,-,-,-,-,-,-,-,-,0.0%,0.0%,-
,,,,Xpander 1.5 2WD 4AT  H PHL,"1,499",AT,G,45,"1,780","4,375",205/55 R16,104,"2,775",4475 X 1750 X 1700,7,4X2,FF,-,4,4,CKD,INA,101,560,400,373,235,197,449,-,-,-,-,-,0.6%,0.5%,"2,315"
,,,,Xpander 1.5 2WD 4AT  P PHL,"1,499",AT,G,45,"1,780","4,375",205/55 R16,104,"2,775",4475 X 1750 X 1700,7,4X2,FF,-,4,4,CKD,INA,403,"1,973","1,196","1,024","1,292","2,067",498,-,-,-,-,-,2.3%,1.8%,"8,453"
,,,,Xpander 1.5 2Wd 4At M Bol & Arb,"1,499",AT,G,45,"1,780","4,375",205/55 R16,104,"2,775",4476 X 1750 X 1700,7,4X2,FF,-,4,4,CKD,INA,-,-,-,-,-,-,10,-,-,-,-,-,0.0%,0.0%,10
,,,,Xpander 1.5 2Wd 4AT  Q Bgd,"1,499",AT,G,45,"1,780","4,375",205/55 R16,104,"2,775",4477 X 1750 X 1700,7,4X2,FF,-,4,4,CKD,INA,2,-,5,-,8,10,22,-,-,-,-,-,0.0%,0.0%,47
,,,,Xpander 1.5L Exceed (4X2) M/T,"1,499",MT,G,45,"1,840","4,375",205/55 R17,105,"2,775",4500 X 1800 X 1750,7,4X2,FF,-,4,4,CKD,INA,173,162,72,37,114,324,151,-,-,-,-,-,0.3%,0.2%,"1,033"
,,,,Xpander 1.5L Gls (4X2) M/T,"1,499",MT,G,45,"1,840","4,375",205/55 R17,105,"2,775",4500 X 1800 X 1750,7,4X2,FF,-,4,4,CKD,INA,206,17,-,19,70,72,41,-,-,-,-,-,0.1%,0.1%,425
,,,,Xpander Cross 1.5L (4X2) M/T,"1,499",MT,G,45,"1,840","4,375",205/55 R17,105,"2,775",4500 X 1800 X 1750,7,4X2,FF,-,4,4,CKD,INA,118,145,65,42,212,323,141,-,-,-,-,-,0.3%,0.2%,"1,046"
,,,,Xpander 1.5 Asg 2Wd Cvt M,"1,499",AT,G,45,"1,840","4,375",205/55 R17,105,"2,775",4500 X 1800 X 1750,7,4X2,FF,-,4,4,CKD,INA,2,-,-,19,173,52,101,-,-,-,-,-,0.1%,0.1%,347
,,,,Xpander 1.5 Asg 2Wd Cvt H,"1,499",AT,G,45,"1,840","4,375",205/55 R17,105,"2,775",4500 X 1800 X 1750,7,4X2,FF,-,4,4,CKD,INA,276,254,108,41,265,719,240,-,-,-,-,-,0.5%,0.4%,"1,903"
,,,,Xpander 5MT,"1,499",MT,G,45,"1,840","4,375",205/55 R17,105,"2,775",4500 X 1800 X 1750,7,4X2,FF,-,4,4,CKD,INA,87,110,47,21,117,200,49,-,-,-,-,-,0.2%,0.1%,631
,,,,Xpander CVT,"1,499",AT,G,45,"1,840","4,375",205/55 R17,105,"2,775",4500 X 1800 X 1750,7,4X2,FF,-,4,4,CKD,INA,920,"1,250",544,205,"1,042","1,353",813,-,-,-,-,-,1.6%,1.3%,"6,127"
,,,,Xpander Cross 1.5 Asg 2Wd Cvt P2X,"1,499",AT,G,45,"1,840","4,375",205/55 R17,105,"2,775",4500 X 1800 X 1750,7,4X2,FF,-,4,4,CKD,INA,494,814,363,141,713,"1,173",841,-,-,-,-,-,1.2%,1.0%,"4,539"
,,,,Xpander Cross 1.5 2WD 4AT  P+ PHL,"1,499",AT,G,45,"1,780","4,375",205/55 R17,104,"2,775",4500 X 1750 X 1800,7,4X2,FF,-,4,4,CKD,INA,19,455,607,551,469,"1,227",560,-,-,-,-,-,1.0%,0.8%,"3,888"
,,,,Xpander 1.5 2WD 5MT  M PE,"1,499",MT,G,45,"1,780","4,375",205/55 R17,104,"2,775",4500 X 1750 X 1800,7,4X2,FF,-,4,4,CKD,INA,91,154,-,65,100,65,250,-,-,-,-,-,0.2%,0.2%,725
,,,,Xpander 1.5 2WD 4AT  H PE,"1,499",AT,G,45,"1,780","4,375",205/55 R17,104,"2,775",4500 X 1750 X 1800,7,4X2,FF,-,4,4,CKD,INA,15,27,-,12,20,10,35,-,-,-,-,-,0.0%,0.0%,119
,,,,Xpander Cross 1.5 2WD 4AT  Q VET,"1,499",AT,G,45,"1,780","4,375",205/55 R17,104,"2,775",4500 X 1750 X 1800,7,4X2,FF,-,4,4,CKD,INA,614,"1,086",401,17,742,7,987,-,-,-,-,-,1.0%,0.8%,"3,854"
,,,,Xpander 1.5 2WD 4AT  H GCC,"1,499",AT,G,45,"1,780","4,375",205/55 R16,104,"2,775",4476 X 1750 X 1700,7,4X2,FF,-,4,4,CKD,INA,30,16,119,7,40,5,100,-,-,-,-,-,0.1%,0.1%,317
,,,,Xpander 1.5 2WD 4AT  H GCC,"1,499",AT,G,45,"1,780","4,375",205/55 R17,104,"2,775",4500 X 1750 X 1800,7,4X2,FF,-,4,4,CKD,INA,20,45,115,2,-,-,-,-,-,-,-,-,0.0%,0.0%,182
,,,,Xpander 1.5 2WD 4AT  M GCC,"1,499",AT,G,45,"1,780","4,375",205/55 R17,104,"2,775",4500 X 1750 X 1800,7,4X2,FF,-,4,4,CKD,INA,30,26,104,3,53,5,127,-,-,-,-,-,0.1%,0.1%,348
,,,,Xpander 1.5 2WD 4AT  H SAU,"1,499",AT,G,45,"1,780","4,375",205/55 R17,104,"2,775",4500 X 1750 X 1800,7,4X2,FF,-,4,4,CKD,INA,130,140,120,-,-,349,350,-,-,-,-,-,0.3%,0.2%,"1,089"
,,,,Xpander 1.5 2WD 5MT  M ZAF,"1,499",MT,G,45,"1,780","4,375",205/55 R17,104,"2,775",4500 X 1750 X 1800,7,4X2,FF,-,4,4,CKD,INA,11,74,85,-,-,-,-,-,-,-,-,-,0.0%,0.0%,170
,,,,Xpander 1.5 2WD 4AT  H ZAF,"1,499",AT,G,45,"1,780","4,375",205/55 R17,104,"2,775",4500 X 1750 X 1800,7,4X2,FF,-,4,4,CKD,INA,4,61,30,-,-,-,-,-,-,-,-,-,0.0%,0.0%,95
,,,,Xpander Cross 1.5 2WD 4AT  P MUS,"1,499",AT,G,45,"1,780","4,375",205/55 R17,104,"2,775",4500 X 1750 X 1800,7,4X2,FF,-,4,4,CKD,INA,13,26,14,1,-,-,-,-,-,-,-,-,0.0%,0.0%,54
,,,,Xpander Cross 1.5 2WD 4AT  H PE,"1,499",AT,G,45,"1,780","4,375",205/55 R17,104,"2,775",4500 X 1750 X 1800,7,4X2,FF,-,4,4,CKD,INA,17,88,-,50,45,45,45,-,-,-,-,-,0.1%,0.1%,290
,,,,Xpander 1.5 2WD 4AT  P MEX,"1,499",AT,G,45,"1,780","4,375",205/55 R16,104,"2,775",4475 X 1750 X 1700,7,4X2,FF,-,4,4,CKD,INA,25,111,201,100,2,186,294,-,-,-,-,-,0.2%,0.2%,919
,,,,Xpander Cross 1.5 2WD 4AT  H MEX,"1,499",AT,G,45,"1,780","4,375",205/55 R17,104,"2,775",4500 X 1750 X 1800,7,4X2,FF,-,4,4,CKD,INA,46,493,200,250,406,462,710,-,-,-,-,-,0.7%,0.6%,"2,567"
,,,,Xpander 1.5 2WD 4AT  H BD,"1,499",AT,G,45,"1,780","4,375",205/55 R16,104,"2,775",4475 X 1750 X 1700,7,4X2,FF,-,4,4,CKD,INA,-,30,19,11,10,10,-,-,-,-,-,-,0.0%,0.0%,80
,,,,Xpander Cross 1.5 2Wd 4At H Pa,"1,499",AT,G,45,"1,780","4,375",205/55 R16,104,"2,775",4476 X 1750 X 1700,7,4X2,FF,-,4,4,CKD,INA,-,-,-,-,-,-,-,-,-,-,-,-,0.0%,0.0%,-
,,,,Xpander 1.5 2Wd 4At M Aw,"1,499",AT,G,45,"1,780","4,375",205/55 R16,104,"2,775",4475 X 1750 X 1700,7,4X2,FF,-,4,4,CKD,INA,9,6,10,6,8,22,13,-,-,-,-,-,0.0%,0.0%,74
,,,,Xpander Cross 1.5 2Wd 4At H Uae,"1,499",AT,G,45,"1,780","4,375",205/55 R17,104,"2,775",4500 X 1800 X 1750,7,4X2,FF,-,4,4,CKD,INA,-,40,-,-,40,-,25,-,-,-,-,-,0.0%,0.0%,105
,,,,Xpander Cross 1.5 2Wd 4At P,"1,499",AT,G,45,"1,780","4,375",205/55 R17,104,"2,775",4500 X 1800 X 1750,7,4X2,FF,-,4,4,CKD,INA,-,-,-,-,-,-,-,-,-,-,-,-,0.0%,0.0%,-
,,,,Xpander Cross 1.5 2Wd 4At P Uea,"1,499",AT,G,45,"1,780","4,375",205/55 R17,104,"2,775",4500 X 1800 X 1750,7,4X2,FF,-,4,4,CKD,INA,-,-,-,-,75,15,64,-,-,-,-,-,0.0%,0.0%,154
,,,,Xpander Cross 1.5 2Wd 4At P Sa,"1,499",AT,G,45,"1,780","4,375",205/55 R17,104,"2,775",4500 X 1800 X 1750,7,4X2,FF,-,4,4,CKD,INA,70,60,180,-,-,150,150,-,-,-,-,-,0.2%,0.1%,610
,,,,Xpander Cross Type M Export To Chile,"1,499",MT,G,45,"1,780","4,812",205/55 R16,104,"2,775",4475 X 1750 X 1700,7,4X2,FF,-,4,4,CKD,INA,10,15,7,103,-,-,-,-,-,-,-,-,0.0%,0.0%,135
,,,,Xpander Cross Type H Export To Chile,"1,499",AT,G,45,"1,780","4,812",205/55 R16,104,"2,775",4475 X 1750 X 1700,7,4X2,FF,-,4,4,CKD,INA,14,26,-,-,-,-,-,-,-,-,-,-,0.0%,0.0%,40
,,,,Xpander Cross Type P Export To Chile,"1,499",AT,G,45,"1,780","4,812",205/55 R16,104,"2,775",4475 X 1750 X 1700,7,4X2,FF,-,4,4,CKD,INA,21,94,3,87,-,-,-,-,-,-,-,-,0.1%,0.0%,205
,,,,Xpander Type M Export To Brunei & Mauritiu,"1,499",AT,G,45,"1,780","4,375",205/55 R16,104,"2,775",4478 X 1750 X 1695,7,4X2,FF,-,4,4,CKD,INA,-,-,-,-,-,-,-,-,-,-,-,-,0.0%,0.0%,-
,,,,Xpander Type P Export To Panama,"1,499",AT,G,45,"1,780","4,375",205/55 R16,104,"2,775",4478 X 1750 X 1695,7,4X2,FF,-,4,4,CKD,INA,31,36,18,17,48,53,46,-,-,-,-,-,0.1%,0.1%,249
,,,,Xpander Type P Export To South Africa,"1,499",AT,G,45,"1,780","4,375",205/55 R16,104,"2,775",4478 X 1750 X 1695,7,4X2,FF,-,4,4,CKD,INA,4,11,10,-,-,-,3,-,-,-,-,-,0.0%,0.0%,28
,,,,"Xpander Type H 4At Export To Cambodian,","1,499",AT,G,45,"1,780","4,375",205/55 R16,104,"2,775",4478 X 1750 X 1695,7,4X2,FF,-,4,4,CKD,INA,-,-,-,-,-,-,-,-,-,-,-,-,0.0%,0.0%,-
,,,,Xpander Type P Export To Fiji,"1,499",AT,G,45,"1,780","4,375",205/55 R17,104,"2,775",4500 X 1800 X 1750,7,4X2,FF,-,4,4,CKD,INA,5,2,11,6,2,-,5,-,-,-,-,-,0.0%,0.0%,31
,,,,Xpander Type M Export To Bolivia,"1,499",MT,G,45,"1,780","4,812",205/55 R16,104,"2,775",4475 X 1750 X 1700,7,4X2,FF,-,4,4,CKD,INA,-,16,16,16,10,16,16,-,-,-,-,-,0.0%,0.0%,90
,,,,Xpander Type D Export To Lebanon,"1,499",AT,G,45,"1,780","4,375",205/55 R17,104,"2,775",4500 X 1800 X 1750,7,4X2,FF,-,4,4,CKD,INA,-,-,-,-,-,1,14,-,-,-,-,-,0.0%,0.0%,15
,,,,Xpander Type M 5Mt Export To Saudi Arabia,"1,499",AT,G,45,"1,780","4,375",205/55 R17,104,"2,775",4500 X 1800 X 1750,7,4X2,FF,-,4,4,CKD,INA,-,-,-,-,-,15,14,-,-,-,-,-,0.0%,0.0%,29
,,,,Livina VL 1.5 (4x2) AT,"1,499",AT,G,45,"1,780","4,375",205/55 R16,104,"2,775",4475 X 1750 X 1700,7,4X2,FF,-,4,4,CKD,INA,10,-,-,-,-,-,-,-,-,-,-,-,0.0%,0.0%,10
,,,,Livina Export To Philippine (Nlhlvp),"1,499",MT,G,45,"1,780","4,375",205/55 R16,104,"2,775",4475 X 1750 X 1700,7,4X2,FF,-,4,4,CKD,INA,-,-,-,-,-,-,-,-,-,-,-,-,0.0%,0.0%,-
,,,,Livina Export To Philippine (Rhhlvp),"1,499",AT,G,45,"1,780","4,375",205/55 R16,104,"2,775",4477 X 1750 X 1700,7,4X2,FF,-,4,4,CKD,INA,169,129,124,156,99,151,108,-,-,-,-,-,0.3%,0.2%,936
,,,,Livina Export To Philippine (Rphlvp),"1,499",AT,G,45,"1,780","4,375",205/55 R16,104,"2,775",4475 X 1750 X 1700,7,4X2,FF,-,4,4,CKD,INA,140,79,92,124,83,119,86,-,-,-,-,-,0.2%,0.2%,723
,,,,Xforce Ultimate Adas,"1,499",CVT,G,42,"1,730","5,698",225/50R18,103,"2,650",4390 x 1810 x 1660,5,4X2,FF,-,4,4,CKD,INA,-,616,672,183,674,688,295,-,-,-,-,-,0.8%,0.7%,"3,128"
,,,,Xforce Exceed,"1,499",CVT,G,42,"1,730","5,698",225/50R18,103,"2,650",4390 x 1810 x 1660,5,4X2,FF,-,4,4,CKD,INA,-,2,-,-,-,-,30,-,-,-,-,-,0.0%,0.0%,32
,,,,Xforce Ultimate Adas (Melange),"1,499",CVT,G,42,"1,730","5,698",225/50R18,103,"2,650",4390 x 1810 x 1660,5,4X2,FF,-,4,4,CBU,INA,-,-,-,-,-,-,-,-,-,-,-,-,0.0%,0.0%,-
,,,,Xforce Type G Export To Vietnam,"1,499",CVT,G,42,"1,730","5,698",225/50R19,103,"2,650",4391 x 1810 x 1660,5,4X2,FF,-,4,4,CKD,INA,"1,094",388,"1,283",635,899,419,466,-,-,-,-,-,1.4%,1.1%,"5,184"
,,,,Xforce Type H Export To Costa Rica,"1,499",CVT,G,42,"1,730","5,698",225/50R20,103,"2,650",4392 x 1810 x 1660,5,4X2,FF,-,4,4,CKD,INA,54,6,-,-,1,-,21,-,-,-,-,-,0.0%,0.0%,82
,,,,Xforce Type H Export To Vietnam,"1,499",CVT,G,42,"1,730","5,698",225/50R21,103,"2,650",4393 x 1810 x 1660,5,4X2,FF,-,4,4,CKD,INA,300,-,-,-,-,-,-,-,-,-,-,-,0.1%,0.1%,300
,,,,Xforce Export To Jordan,"1,499",CVT,G,42,"1,730","5,698",225/50R22,103,"2,650",4394 x 1810 x 1660,5,4X2,FF,-,4,4,CKD,INA,81,44,-,-,6,4,2,-,-,-,-,-,0.0%,0.0%,137
,,,,Xforce Type H Export To Mauritius,"1,499",CVT,G,42,"1,730","5,698",225/50R23,103,"2,650",4395 x 1810 x 1660,5,4X2,FF,-,4,4,CKD,INA,10,1,-,-,-,-,-,-,-,-,-,-,0.0%,0.0%,11
,,,,Xforce Type M Export To Costa Rica,"1,499",CVT,G,42,"1,730","5,698",225/50R24,103,"2,650",4396 x 1810 x 1660,5,4X2,FF,-,4,4,CKD,INA,91,4,-,-,1,-,31,-,-,-,-,-,0.0%,0.0%,127
,,,,Xforce Type M Export To Vietnam,"1,499",CVT,G,42,"1,730","5,698",225/50R25,103,"2,650",4397 x 1810 x 1660,5,4X2,FF,-,4,4,CKD,INA,-,1,-,806,442,304,229,-,-,-,-,-,0.5%,0.4%,"1,782"
,,,,Xforce Export To Lebanon,"1,499",CVT,G,42,"1,730","5,698",225/50R26,103,"2,650",4398 x 1810 x 1660,5,4X2,FF,-,4,4,CKD,INA,17,17,-,4,5,4,2,-,-,-,-,-,0.0%,0.0%,49
,,,,Xforce Type M Export To Mauritius,"1,499",CVT,G,42,"1,730","5,698",225/50R27,103,"2,650",4399 x 1810 x 1660,5,4X2,FF,-,4,4,CKD,INA,20,10,-,-,-,-,-,-,-,-,-,-,0.0%,0.0%,30
,,,,Xforce Type P Export To Costa Rica,"1,499",CVT,G,42,"1,730","5,698",225/50R28,103,"2,650",4400 x 1810 x 1660,5,4X2,FF,-,4,4,CKD,INA,83,5,-,-,1,-,9,-,-,-,-,-,0.0%,0.0%,98
,,,,Xforce Export To Panama,"1,499",CVT,G,42,"1,730","5,698",225/50R29,103,"2,650",4401 x 1810 x 1660,5,4X2,FF,-,4,4,CKD,INA,66,36,-,10,7,7,7,-,-,-,-,-,0.0%,0.0%,133
,,,,Xforce Type P Export To Mauritius,"1,499",CVT,G,42,"1,730","5,698",225/50R30,103,"2,650",4402 x 1810 x 1660,5,4X2,FF,-,4,4,CKD,INA,11,1,8,-,-,-,-,-,-,-,-,-,0.0%,0.0%,20
,,,,Xforce Type H Export To Egypt,"1,499",CVT,G,42,"1,730","5,698",225/50R18,103,"2,650",4390 x 1810 x 1660,5,4X2,FF,-,4,4,CKD,INA,-,-,-,-,-,8,81,-,-,-,-,-,0.0%,0.0%,89
,,,,Xforce Type M Export To South Africa,"1,499",CVT,G,42,"1,730","5,698",225/50R18,103,"2,650",4390 x 1810 x 1660,5,4X2,FF,-,4,4,CKD,INA,-,60,35,-,-,20,20,-,-,-,-,-,0.0%,0.0%,135
,,,,Xforce Type P Export To Egypt,"1,499",CVT,G,42,"1,730","5,698",225/50R18,103,"2,650",4390 x 1810 x 1660,5,4X2,FF,-,4,4,CKD,INA,-,-,-,-,-,14,107,-,-,-,-,-,0.0%,0.0%,121
,,,,Xforce Type P Export To South Africa,"1,499",CVT,G,42,"1,730","5,698",225/50R18,103,"2,650",4390 x 1810 x 1660,5,4X2,FF,-,4,4,CKD,INA,-,90,55,-,-,-,-,-,-,-,-,-,0.0%,0.0%,145
,,,,Xforce Export To Philippines,"1,499",CVT,G,42,"1,730","5,698",225/50R18,103,"2,650",4390 x 1810 x 1660,5,4X2,FF,-,4,4,CKD,INA,-,-,-,-,-,-,-,-,-,-,-,-,0.0%,0.0%,-
,,,,Xforce Export To Vietnam,"1,499",CVT,G,42,"1,730","5,698",225/50R18,103,"2,650",4390 x 1810 x 1660,5,4X2,FF,-,4,4,CKD,INA,705,28,83,57,47,20,29,-,-,-,-,-,0.3%,0.2%,969
,,,,Xforce Type H Export To Mexico,"1,499",CVT,G,42,"1,730","5,698",225/50R18,103,"2,650",4390 x 1810 x 1660,5,4X2,FF,-,4,4,CKD,INA,131,242,185,197,516,28,580,-,-,-,-,-,0.5%,0.4%,"1,879"
,,,,Xforce Type Q Export To Brunei,"1,499",CVT,G,42,"1,730","5,698",225/50R18,103,"2,650",4390 x 1810 x 1660,5,4X2,FF,-,4,4,CKD,INA,-,33,48,23,26,-,6,-,-,-,-,-,0.0%,0.0%,136
,,,,Xforce Export To Mexico,"1,499",CVT,G,42,"1,730","5,698",225/50R18,103,"2,650",4390 x 1810 x 1660,5,4X2,FF,-,4,4,CKD,INA,321,560,425,473,"1,222",39,"1,348",-,-,-,-,-,1.2%,1.0%,"4,388"
,,,,Xforce Export To Vietnam,"1,499",CVT,G,42,"1,730","5,698",225/50R18,103,"2,650",4390 x 1810 x 1660,5,4X2,FF,-,4,4,CKD,INA,623,224,900,984,978,420,3,-,-,-,-,-,1.1%,0.9%,"4,132"
,,,,Xforce Type H Export To Middle East (Bahrai,"1,499",CVT,G,42,"1,730","5,698",225/50R18,103,"2,650",4390 x 1810 x 1660,5,4X2,FF,-,4,4,CKD,INA,33,39,108,15,85,78,53,-,-,-,-,-,0.1%,0.1%,411
,,,,Xforce Type P Export To Middle East (Bahrai,"1,499",CVT,G,42,"1,730","5,698",225/50R18,103,"2,650",4390 x 1810 x 1660,5,4X2,FF,-,4,4,CKD,INA,90,161,196,25,155,108,82,-,-,-,-,-,0.2%,0.2%,817
,,,,Xforce Type H Export To Chile,"1,499",CVT,G,42,"1,730","5,698",225/50R18,103,"2,650",4390 x 1810 x 1660,5,4X2,FF,-,4,4,CKD,INA,21,25,20,16,2,1,3,-,-,-,-,-,0.0%,0.0%,88
,,,,Xforce Type M Export To Chile,"1,499",CVT,G,42,"1,730","5,698",225/50R18,103,"2,650",4390 x 1810 x 1660,5,4X2,FF,-,4,4,CKD,INA,51,64,40,35,-,-,-,-,-,-,-,-,0.1%,0.0%,190
,,,,Xforce Type P Export To Chile,"1,499",CVT,G,42,"1,730","5,698",225/50R18,103,"2,650",4390 x 1810 x 1660,5,4X2,FF,-,4,4,CKD,INA,37,61,46,38,4,7,10,-,-,-,-,-,0.1%,0.0%,203
,,,,"Xforce Type S Export To Peru, Costa Rica","1,499",CVT,G,42,"1,730","5,698",225/50R18,103,"2,650",4390 x 1810 x 1660,5,4X2,FF,-,4,4,CKD,INA,-,199,73,101,117,-,25,-,-,-,-,-,0.1%,0.1%,515
,,,,"Xforce Type S Export To Central, North & So","1,499",CVT,G,42,"1,730","5,698",225/50R18,103,"2,650",4390 x 1810 x 1660,5,4X2,FF,-,4,4,CKD,INA,-,27,3,46,18,17,29,-,-,-,-,-,0.0%,0.0%,140
,,,,Xforce Type U Export To North & South Ame,"1,499",CVT,G,42,"1,730","5,698",225/50R18,103,"2,650",4390 x 1810 x 1660,5,4X2,FF,-,4,4,CKD,INA,-,76,44,26,20,20,40,-,-,-,-,-,0.1%,0.0%,226
,,,,"Xforce Type U Export To Central, North & So","1,499",CVT,G,42,"1,730","5,698",225/50R18,103,"2,650",4390 x 1810 x 1660,5,4X2,FF,-,4,4,CKD,INA,-,18,9,24,63,45,43,-,-,-,-,-,0.1%,0.0%,202
,,,,Xforce Type U Export To Jamaica,"1,499",CVT,G,42,"1,730","5,698",225/50R18,103,"2,650",4390 x 1810 x 1660,5,4X2,FF,-,4,4,CKD,INA,-,1,1,14,6,1,4,-,-,-,-,-,0.0%,0.0%,27
,,,,Xforce Type L Export To Peru & Costa Rica,"1,499",CVT,G,42,"1,730","5,698",225/50R18,103,"2,650",4390 x 1810 x 1660,5,4X2,FF,-,4,4,CKD,INA,-,122,93,5,45,40,5,-,-,-,-,-,0.1%,0.1%,310
,,,,"Xforce Type L Export To Central, North & So","1,499",CVT,G,42,"1,730","5,698",225/50R18,103,"2,650",4390 x 1810 x 1660,5,4X2,FF,-,4,4,CKD,INA,-,34,26,38,91,35,52,-,-,-,-,-,0.1%,0.1%,276
,,,,Xforce Type L Export To Jamaica,"1,499",CVT,G,42,"1,730","5,698",225/50R18,103,"2,650",4390 x 1810 x 1660,5,4X2,FF,-,4,4,CKD,INA,-,4,3,20,8,8,10,-,-,-,-,-,0.0%,0.0%,53
,,,,Xforce Type M Export To Brunei,"1,499",CVT,G,42,"1,730","5,698",225/50R18,103,"2,650",4390 x 1810 x 1660,5,4X2,FF,-,4,4,CKD,INA,-,-,16,16,8,-,-,-,-,-,-,-,0.0%,0.0%,40
,,,,Xforce Type S Export,"1,499",CVT,G,42,"1,730","5,698",225/50R18,103,"2,650",4390 x 1810 x 1660,5,4X2,FF,-,4,4,CKD,INA,-,-,-,-,14,6,-,-,-,-,-,-,0.0%,0.0%,20
,,,,Xforce Type L Export To Chile,"1,499",CVT,G,42,"1,730","5,698",225/50R18,103,"2,650",4390 x 1810 x 1660,5,4X2,FF,-,4,4,CKD,INA,-,-,-,-,-,50,-,-,-,-,-,-,0.0%,0.0%,50
,,,,Xforce Type S Export To Chile,"1,499",CVT,G,42,"1,730","5,698",225/50R18,103,"2,650",4390 x 1810 x 1660,5,4X2,FF,-,4,4,CKD,INA,-,-,-,-,-,138,92,-,-,-,-,-,0.1%,0.1%,230
,,,,Xforce Type U Export To Chile,"1,499",CVT,G,42,"1,730","5,698",225/50R18,103,"2,650",4390 x 1810 x 1660,5,4X2,FF,-,4,4,CKD,INA,-,-,-,-,-,106,64,-,-,-,-,-,0.0%,0.0%,170
,,,,L100 Ev,-,-,BEV,42,"1,730","5,698",225/50R34,103,"2,650",4406 x 1810 x 1660,5,4X2,FF,-,4,4,CKD,INA,-,-,-,-,-,-,-,-,-,-,-,-,0.0%,0.0%,-
,,MORRIS GARAGE,PT. SAIC MOTOR INDONESIA,4 EV Magnify CKD,-,AT,BEV,-,-,-,215/50 R17,125,"2,705",4278 x 1836 x 1516,5,4X2,FR,-,5,4,CKD,INA,30,-,-,-,-,-,-,-,-,-,-,-,0.0%,0.0%,30
,,,,ZS EV Magnify,-,AT,BEV,-,-,-,215/55 R17,130,"2,585",4323 x 1809 x 1649,5,4X2,FR,-,5,4,CKD,INA,28,-,-,-,-,-,-,-,-,-,-,-,0.0%,0.0%,28
,,,,4 EV Ignite CKD,-,AT,BEV,-,-,-,215/50 R17,125,"2,705",4278 x 1836 x 1516,5,4X2,FR,-,5,4,CKD,INA,5,-,-,-,-,-,-,-,-,-,-,-,0.0%,0.0%,5
,,,,ZS EV Ignite,-,AT,BEV,-,-,-,215/55 R17,130,"2,585",4323 x 1809 x 1649,5,4X2,FR,-,5,4,CKD,INA,5,-,-,-,-,-,-,-,-,-,-,-,0.0%,0.0%,5
,,SUZUKI,PT. Suzuki Indomobil Motor,APV-GE,"1,495",MT,G,46,"1,950","4,300",185/80 R14,105,"2,625",4225 X 1655 X 1855,8,4X2,FR,-,4,4,CKD,INA,30,98,68,17,23,30,27,-,-,-,-,-,0.1%,0.1%,293
,,,,APV-GL,"1,495",MT,G,46,"1,950","4,300",185/80 R14,105,"2,625",4225 X 1655 X 1855,8,4X2,FR,-,4,4,CKD,INA,138,86,3,1,10,34,2,-,-,-,-,-,0.1%,0.1%,274
,,,,APV-GX,"1,495",MT,G,46,"1,950","4,300",195/65 R15,105,"2,625",4225 X 1655 X 1855,8,4X2,FR,-,4,4,CKD,INA,41,90,111,26,19,21,-,-,-,-,-,-,0.1%,0.1%,308
,,,,APV SGX,"1,495",MT,G,46,"1,950","4,300",195/65 R15,105,"2,625",4225 X 1655 X 1855,7,4X2,FR,-,4,4,CKD,INA,31,30,13,4,4,5,-,-,-,-,-,-,0.0%,0.0%,87
,,,,All New Ertiga GA,"1,462",MT,G,45,"1,765","4,687",185/65 R15,92,"2,740",4265 X 1695 X 1685,7,4X2,FF,-,4,4,CKD,INA,2,2,2,5,3,1,1,-,-,-,-,-,0.0%,0.0%,16
,,,,All New Ertiga GL MT,"1,462",MT,G,45,"1,765","4,687",185/65 R15,92,"2,740",4265 X 1695 X 1685,7,4X2,FF,-,4,4,CKD,INA,330,224,237,256,199,2,142,-,-,-,-,-,0.4%,0.3%,"1,390"
,,,,All New Ertiga GL AT,"1,462",AT,G,45,"1,775","4,545",185/65 R15,92,"2,740",4265 X 1695 X 1685,7,4X2,FF,-,4,4,CKD,INA,222,138,277,189,230,14,115,-,-,-,-,-,0.3%,0.3%,"1,185"
,,,,All New Ertiga Gx Hybrid Mt,"1,462",AT,HYBRID,45,"1,855","4,687",185/65 R15,92,"2,740",4265 X 1695 X 1685,7,4X2,FF,-,5,4,CKD,INA,90,107,27,122,120,-,48,-,-,-,-,-,0.1%,0.1%,514
,,,,All New Ertiga Gx Hybrid At,"1,462",AT,HYBRID,45,"1,855","4,687",185/65 R15,92,"2,740",4265 X 1695 X 1685,7,4X2,FF,-,5,4,CKD,INA,158,211,277,196,449,-,212,-,-,-,-,-,0.4%,0.3%,"1,503"
,,,,All New Ertiga Cr Hybrid Mt,"1,462",AT,HYBRID,45,"1,855","4,687",185/65 R15,92,"2,740",4265 X 1695 X 1685,7,4X2,FF,-,5,4,CKD,INA,-,-,-,-,-,-,-,-,-,-,-,-,0.0%,0.0%,-
,,,,All New Ertiga Cr Hybrid At,"1,462",AT,HYBRID,45,"1,855","4,687",185/65 R15,92,"2,740",4265 X 1695 X 1685,7,4X2,FF,-,5,4,CKD,INA,13,27,-,-,-,-,-,-,-,-,-,-,0.0%,0.0%,40
,,,,All New Ertiga Cr Hybrid 2Tone Mt,"1,462",AT,HYBRID,45,"1,855","4,687",185/65 R15,92,"2,740",4265 X 1695 X 1685,7,4X2,FF,-,5,4,CKD,INA,6,38,-,-,-,-,-,-,-,-,-,-,0.0%,0.0%,44
,,,,All New Ertiga Cr Hybrid 2Tone At,"1,462",AT,HYBRID,45,"1,855","4,687",185/65 R15,92,"2,740",4265 X 1695 X 1685,7,4X2,FF,-,5,4,CKD,INA,54,12,58,-,-,-,-,-,-,-,-,-,0.0%,0.0%,124
,,,,XL-7 Zeta MT,"1,462",MT,G,45,"1,720","4,353",195/65 R16,105,"2,740",4450 X 1775 X 1710,7,4X2,FF,-,4,4,CKD,INA,115,309,308,470,85,41,55,-,-,-,-,-,0.4%,0.3%,"1,383"
,,,,XL-7 Zeta AT,"1,462",AT,G,45,"1,730","4,375",195/65 R16,105,"2,740",4450 X 1775 X 1710,7,4X2,FF,-,4,4,CKD,INA,181,297,531,429,139,101,19,-,-,-,-,-,0.5%,0.4%,"1,697"
,,,,XL-7 Alpha Hybrid MT,"1,462",MT,HYBRID,45,"1,720","4,353",195/65 R16,105,"2,740",4450 X 1775 X 1710,7,4X2,FF,-,4,4,CKD,INA,29,11,3,6,20,-,-,-,-,-,-,-,0.0%,0.0%,69
,,,,XL-7 Alpha Hybrid AT,"1,462",AT,HYBRID,45,"1,730","4,375",195/65 R16,105,"2,740",4450 X 1775 X 1710,7,4X2,FF,-,4,4,CKD,INA,40,68,115,61,3,-,10,-,-,-,-,-,0.1%,0.1%,297
,,,,XL-7  Beta Hybrid MT,"1,462",AT,HYBRID,45,"1,730","4,375",195/65 R16,105,"2,740",4450 X 1775 X 1710,7,4X2,FF,-,5,4,CKD,INA,28,103,110,183,141,1,68,-,-,-,-,-,0.2%,0.1%,634
,,,,XL-7 Beta Hybrid AT,"1,462",AT,HYBRID,45,"1,730","4,375",195/65 R16,105,"2,740",4450 X 1775 X 1710,7,4X2,FF,-,5,4,CKD,INA,"1,118",852,792,"1,509","1,342",249,900,-,-,-,-,-,1.8%,1.5%,"6,762"
,,,,XL-7 Alpha Hybrid MT,"1,462",AT,HYBRID,45,"1,730","4,375",195/65 R16,105,"2,740",4450 X 1775 X 1710,7,4X2,FF,-,5,4,CKD,INA,61,49,163,134,52,-,5,-,-,-,-,-,0.1%,0.1%,464
,,,,XL-7 Alpha Hybrid AT,"1,462",AT,HYBRID,45,"1,730","4,375",195/65 R16,105,"2,740",4450 X 1775 X 1710,7,4X2,FF,-,5,4,CKD,INA,336,407,650,355,111,-,151,-,-,-,-,-,0.5%,0.4%,"2,010"
,,,,XL-7 Alapha Kuro Hybrid At,"1,462",AT,HYBRID,45,"1,730","4,375",195/65 R16,105,"2,740",4450 X 1775 X 1710,7,4X2,FF,-,5,4,CKD,INA,-,-,-,-,-,-,42,-,-,-,-,-,0.0%,0.0%,42
,,,,XL-7 Alapha Kuro Hybrid 2Tone At,"1,462",AT,HYBRID,45,"1,730","4,375",195/65 R16,105,"2,740",4450 X 1775 X 1710,7,4X2,FF,-,5,4,CKD,INA,-,-,-,-,-,-,174,-,-,-,-,-,0.0%,0.0%,174
,,,,Fronx Gl Mt,"1,462",MT,G,37,"1,480","4,412",195/60 R16,105,"2,520",3995 X 1765 X 15500,5,4X2,FF,-,5,4,CKD,INA,-,-,-,-,184,516,347,-,-,-,-,-,0.3%,0.2%,"1,047"
,,,,Fronx Gl At,"1,462",AT,G,37,"1,480","4,145",195/60 R16,105,"2,520",3995 X 1765 X 15500,5,4X2,FF,-,5,4,CKD,INA,-,-,-,-,221,627,817,-,-,-,-,-,0.4%,0.4%,"1,665"
,,,,Fronx Hybrid Gx Mt,"1,462",MT,HYBRID,37,"1,480","4,412",195/60 R16,105,"2,520",3995 X 1765 X 15500,5,4X2,FF,-,5,4,CKD,INA,-,-,-,-,75,217,157,-,-,-,-,-,0.1%,0.1%,449
,,,,Fronx Hybrid Gx At,"1,462",AT,HYBRID,37,"1,480","3,683",195/60 R16,105,"2,520",3995 X 1765 X 15500,5,4X2,FF,-,5,4,CKD,INA,-,-,-,-,265,748,605,-,-,-,-,-,0.4%,0.4%,"1,618"
,,,,Fronx Hybrid Sgx At,"1,462",AT,HYBRID,37,"1,480","3,683",195/60 R16,105,"2,520",3995 X 1765 X 15500,5,4X2,FF,-,5,4,CKD,INA,-,-,-,-,49,292,989,-,-,-,-,-,0.4%,0.3%,"1,330"
,,,,Fronx Hybrid Sgx 2Tone At,"1,462",AT,HYBRID,37,"1,480","3,683",195/60 R16,105,"2,520",3995 X 1765 X 15500,5,4X2,FF,-,5,4,CKD,INA,-,-,-,-,424,"1,167",940,-,-,-,-,-,0.7%,0.6%,"2,531"
,,TOYOTA,PT. Toyota Motor Mftg Indonesia,Yaris V (Sport Grade),"1,500",CVT,G,42,"1,100",-,195 / 50 R16,106,"2,550",4145 x 1805 x 1500,5,4X2,FF,7,5,4,CKD,INA,30,5,5,10,20,15,17,-,-,-,-,-,0.0%,0.0%,102
,,,,Yaris Cross,"1,500",-,G,42,"1,100",-,195 / 50 R16,106,"2,550",4145 x 1805 x 1500,5,4X2,FF,7,5,4,CKD,INA,105,178,229,223,300,269,134,-,-,-,-,-,0.4%,0.3%,"1,438"
,,,,Yaris Cross,"1,500",-,G,42,"1,100",-,195 / 50 R16,106,"2,550",4145 x 1805 x 1500,5,4X2,FF,7,5,4,CKD,INA,"1,443","1,352","1,804","1,391","1,226","1,471","2,097",-,-,-,-,-,2.9%,2.3%,"10,784"
,,,,Yaris Cross,"1,500",-,G,42,"1,100",-,195 / 50 R16,106,"2,550",4145 x 1805 x 1500,5,4X2,FF,7,5,4,CKD,INA,644,560,474,264,387,357,542,-,-,-,-,-,0.9%,0.7%,"3,228"
,,,,Yaris Cross,"1,500",-,G,42,"1,100",-,195 / 50 R16,106,"2,550",4145 x 1805 x 1500,5,4X2,FF,7,5,4,CKD,INA,43,15,5,5,20,27,22,-,-,-,-,-,0.0%,0.0%,137
,,,,Yaris Cross,"1,500",-,G,42,"1,100",-,195 / 50 R16,106,"2,550",4145 x 1805 x 1500,5,4X2,FF,7,5,4,CKD,INA,226,236,252,303,219,120,223,-,-,-,-,-,0.4%,0.3%,"1,579"
,,,,Yaris Cross,"1,500",-,G,42,"1,100",-,195 / 50 R16,106,"2,550",4145 x 1805 x 1500,5,4X2,FF,7,5,4,CKD,INA,-,-,-,2,4,-,3,-,-,-,-,-,0.0%,0.0%,9
,,,,Yaris Cross,"1,500",-,G,42,"1,100",-,195 / 50 R16,106,"2,550",4145 x 1805 x 1500,5,4X2,FF,7,5,4,CKD,INA,36,20,20,18,6,9,17,-,-,-,-,-,0.0%,0.0%,126
,,,,Yaris Cross,"1,500",-,G,42,"1,100",-,195 / 50 R16,106,"2,550",4145 x 1805 x 1500,5,4X2,FF,7,5,4,CKD,INA,-,-,-,-,2,-,-,-,-,-,-,-,0.0%,0.0%,2
,,,,Yaris Cross,"1,500",-,G,42,"1,100",-,195 / 50 R16,106,"2,550",4145 x 1805 x 1500,5,4X2,FF,7,5,4,CKD,INA,21,-,-,3,-,1,2,-,-,-,-,-,0.0%,0.0%,27
,,,,Yaris Cross,"1,500",-,G,42,"1,100",-,195 / 50 R16,106,"2,550",4145 x 1805 x 1500,5,4X2,FF,7,5,4,CKD,INA,82,56,80,50,35,58,52,-,-,-,-,-,0.1%,0.1%,413
,,,,Yaris Cross,"1,500",-,G,42,"1,100",-,195 / 50 R16,106,"2,550",4145 x 1805 x 1500,5,4X2,FF,7,5,4,CKD,INA,24,14,7,31,22,50,52,-,-,-,-,-,0.1%,0.0%,200
,,,,Yaris Cross Hev,"1,500",-,HYBRID,42,"1,100",-,195 / 50 R16,106,"2,550",4145 x 1805 x 1500,5,4X2,FF,7,5,4,CKD,INA,397,281,287,154,150,205,210,-,-,-,-,-,0.5%,0.4%,"1,684"
,,,,Yaris Cross Hev,"1,500",-,HYBRID,42,"1,100",-,195 / 50 R16,106,"2,550",4145 x 1805 x 1500,5,4X2,FF,7,5,4,CKD,INA,190,159,139,154,157,147,200,-,-,-,-,-,0.3%,0.2%,"1,146"
,,,,Yaris Cross Hev,"1,500",-,HYBRID,42,"1,100",-,195 / 50 R16,106,"2,550",4145 x 1805 x 1500,5,4X2,FF,7,5,4,CKD,INA,117,122,129,130,143,144,293,-,-,-,-,-,0.3%,0.2%,"1,078"
,,,,Yaris Cross Hev,"1,500",-,HYBRID,42,"1,100",-,195 / 50 R16,106,"2,550",4145 x 1805 x 1500,5,4X2,FF,7,5,4,CKD,INA,276,316,267,237,217,267,225,-,-,-,-,-,0.5%,0.4%,"1,805"
,,,,Yaris Cross Hev,"1,500",-,HYBRID,42,"1,100",-,195 / 50 R16,106,"2,550",4145 x 1805 x 1500,5,4X2,FF,7,5,4,CKD,INA,13,11,19,5,16,7,33,-,-,-,-,-,0.0%,0.0%,104
,,,,Yaris Cross Hev,"1,500",-,HYBRID,42,"1,100",-,195 / 50 R16,106,"2,550",4145 x 1805 x 1500,5,4X2,FF,7,5,4,CKD,INA,81,36,39,48,73,96,25,-,-,-,-,-,0.1%,0.1%,398
,,,,"Avanza 1,3 AT","1,300",AT,G,45,"1,100",-,185 / 65 R15,105,"2,750",4395 x 1750 x 1700,7,4X2,FF,5,5,4,CKD,INA,"1,094","1,414","1,196",910,"1,689","1,623","1,784",-,-,-,-,-,2.6%,2.1%,"9,710"
,,,,"Avanza 1,3 MT","1,300",MT,G,45,"1,100",-,205 / 55 R16,105,"2,655",4395 x 1750 x 1700,7,4X2,FF,4,5,4,CKD,INA,498,63,144,237,274,225,369,-,-,-,-,-,0.5%,0.4%,"1,810"
,,,,"Avanza 1,3 MT","1,500",MT,G,45,"1,100",-,185 / 65 R15,105,"2,750",4395 x 1750 x 1700,7,4X2,FF,5,5,4,CKD,INA,195,72,166,142,129,41,143,-,-,-,-,-,0.2%,0.2%,888
,,,,"Veloz 1,5 AT","1,500",AT,G,45,"1,100",-,195 / 60 R16,105,"2,750",4475 x 1750 x 1700,7,4X2,FF,5,5,4,CKD,INA,-,2,-,-,5,3,6,-,-,-,-,-,0.0%,0.0%,16
,,,,"Veloz 1,5 AT","1,500",AT,G,45,"1,100",-,195 / 60 R16,105,"2,750",4475 x 1750 x 1700,7,4X2,FF,5,5,4,CKD,INA,289,541,768,814,764,624,770,-,-,-,-,-,1.2%,1.0%,"4,570"
,,,,"Veloz 1,5 AT","1,500",AT,G,45,"1,100",-,195 / 60 R16,105,"2,750",4475 x 1750 x 1700,7,4X2,FF,5,5,4,CKD,INA,236,215,357,405,280,217,383,-,-,-,-,-,0.6%,0.5%,"2,093"
,,,,"Veloz 1,5 AT","1,500",AT,G,45,"1,100",-,195 / 60 R16,105,"2,750",4475 x 1750 x 1700,7,4X2,FF,5,5,4,CKD,INA,336,319,275,52,338,394,405,-,-,-,-,-,0.6%,0.5%,"2,119"
,,,,"Veloz 1,5 AT","1,500",AT,G,45,"1,100",-,205 / 50 R17,105,"2,750",4475 x 1750 x 1700,7,4X2,FF,6,5,4,CKD,INA,724,854,"1,089",989,"1,014","1,196",895,-,-,-,-,-,1.8%,1.5%,"6,761"
,,,,"Veloz 1,5 MT","1,500",MT,G,45,"1,100",-,205 / 50 R17,105,"2,750",4475 x 1750 x 1700,7,4X2,FF,6,5,4,CKD,INA,-,-,-,-,-,-,-,-,-,-,-,-,0.0%,0.0%,-
,,,,"Veloz 1,5 MT","1,500",MT,G,45,"1,100",-,205 / 50 R17,105,"2,750",4475 x 1750 x 1700,7,4X2,FF,6,5,4,CKD,INA,355,543,759,648,583,528,842,-,-,-,-,-,1.1%,0.9%,"4,258"
,,,,"Veloz 1,5 MT","1,500",MT,G,45,"1,100",-,205 / 50 R17,105,"2,750",4475 x 1750 x 1700,7,4X2,FF,6,5,4,CKD,INA,-,-,-,-,-,-,-,-,-,-,-,-,0.0%,0.0%,-
,,,,"Veloz 1,5 AT","1,500",AT,G,45,"1,100",-,205 / 50 R17,105,"2,750",4475 x 1750 x 1700,7,4X2,FF,6,5,4,CKD,INA,2,-,-,-,-,-,-,-,-,-,-,-,0.0%,0.0%,2
,,,,"Veloz 1,5 AT","1,500",AT,G,45,"1,100",-,195 / 60 R16,105,"2,750",4475 x 1750 x 1700,7,4X2,FF,5,5,4,CKD,INA,-,-,-,-,-,-,-,-,-,-,-,-,0.0%,0.0%,-
,,,,"Veloz 1,5 AT","1,500",AT,G,45,"1,100",-,195 / 60 R16,105,"2,750",4475 x 1750 x 1700,7,4X2,FF,5,5,4,CKD,INA,51,58,25,23,35,24,18,-,-,-,-,-,0.1%,0.1%,234
,,,,"Veloz 1,5 AT","1,500",AT,G,45,"1,100",-,205 / 50 R17,105,"2,750",4475 x 1750 x 1700,7,4X2,FF,6,5,4,CKD,INA,-,80,250,-,95,110,107,-,-,-,-,-,0.2%,0.1%,642
,,,,"Veloz 1,5 AT","1,500",AT,G,45,"1,100",-,205 / 50 R17,105,"2,750",4475 x 1750 x 1700,7,4X2,FF,6,5,4,CKD,INA,"1,035",555,611,531,997,879,813,-,-,-,-,-,1.4%,1.2%,"5,421"
,,,,"Veloz 1,5 AT","1,500",AT,G,45,"1,100",-,205 / 50 R17,105,"2,750",4475 x 1750 x 1700,7,4X2,FF,6,5,4,CKD,INA,195,170,203,348,74,60,197,-,-,-,-,-,0.3%,0.3%,"1,247"
,,,,"Veloz 1,5 Mt","1,500",MT,G,45,"1,100",-,205 / 50 R17,105,"2,750",4475 x 1750 x 1700,7,4X2,FF,6,5,4,CKD,INA,-,-,-,-,-,-,-,-,-,-,-,-,0.0%,0.0%,-
,,,,"Veloz 1,5 Mt","1,500",MT,G,45,"1,100",-,205 / 50 R17,105,"2,750",4475 x 1750 x 1700,7,4X2,FF,6,5,4,CKD,INA,256,154,74,262,189,169,151,-,-,-,-,-,0.3%,0.3%,"1,255"
,,,,"Veloz 1,5 At","1,500",AT,G,45,"1,100",-,195 / 60 R16,105,"2,750",4475 x 1750 x 1700,7,4X2,FF,5,5,4,CKD,INA,-,-,-,-,-,-,-,-,-,-,-,-,0.0%,0.0%,-
,,,,"Veloz 1,5 At","1,500",AT,G,45,"1,100",-,205 / 50 R17,105,"2,750",4475 x 1750 x 1700,7,4X2,FF,6,5,4,CKD,INA,-,17,798,"1,879","1,766","1,829","1,799",-,-,-,-,-,2.2%,1.8%,"8,088"
,,,PT. Astra Daihatsu Motor,"Avanza 1,3 M/T","1,300",MT,G,45,"1,100",-,185 / 65 R15,105,"2,750",4395 x 1750 x 1700,7,4X2,FF,5,5,4,CKD,INA,"1,256","1,774","2,146",-,-,307,643,-,-,-,-,-,1.6%,1.3%,"6,126"
,,,,"Avanza 1,3 At","1,300",CVT,G,45,"1,100",-,205 / 55 R16,105,"2,655",4395 x 1750 x 1700,7,4X2,FF,4,5,4,CKD,INA,"1,017","1,060",577,-,-,384,319,-,-,-,-,-,0.9%,0.7%,"3,357"
,,,,"Avanza 1,5 M/T","1,500",MT,G,45,"1,100",-,185 / 65 R15,105,"2,750",4395 x 1750 x 1700,7,4X2,FF,5,5,4,CKD,INA,"1,663","1,123","1,088",-,"1,067","1,206",895,-,-,-,-,-,1.9%,1.5%,"7,042"
,,,,"Avanza 1,5 At","1,500",CVT,G,45,"1,100",-,205 / 55 R16,105,"2,655",4395 x 1750 x 1700,7,4X2,FF,4,5,4,CKD,INA,"2,315","1,801","1,033",-,229,"1,666","1,768",-,-,-,-,-,2.4%,1.9%,"8,812"
,,,,Raize 1.2 E M/T,"1,200",MT,G,36,"1,255",-,205 / 65 R16,87,"2,525",4030 x 1710 x 1635,5,4X2,FF,5,5,4,CKD,INA,36,10,5,16,11,14,20,-,-,-,-,-,0.0%,0.0%,112
,,,,Raize 1.2 E M/T,"1,200",MT,G,36,"1,255",-,205 / 65 R16,87,"2,525",4030 x 1710 x 1635,5,4X2,FF,5,5,4,CKD,INA,403,385,278,410,163,328,167,-,-,-,-,-,0.6%,0.5%,"2,134"
,,,,Raize 1.2 E At,"1,200",AT,G,36,"1,255",-,205 / 65 R16,87,"2,525",4030 x 1710 x 1635,5,4X2,FF,5,5,4,CKD,INA,52,106,5,50,15,33,19,-,-,-,-,-,0.1%,0.1%,280
,,,,Raize 1.2 E M/T,"1,200",MT,G,36,"1,255",-,205 / 65 R16,87,"2,525",4030 x 1710 x 1635,5,4X2,FF,5,5,4,CKD,INA,143,139,45,125,111,19,65,-,-,-,-,-,0.2%,0.1%,647
,,,,Raize 1.2 E At,"1,200",AT,G,36,"1,255",-,205 / 65 R16,87,"2,525",4030 x 1710 x 1635,5,4X2,FF,5,5,4,CKD,INA,-,-,-,-,-,-,-,-,-,-,-,-,0.0%,0.0%,-
,,,,Raize 1.2 G M/T,"1,200",MT,G,36,"1,255",-,205 / 65 R16,87,"2,525",4030 x 1710 x 1635,5,4X2,FF,5,5,4,CKD,INA,280,212,80,190,209,59,136,-,-,-,-,-,0.3%,0.3%,"1,166"
,,,,Raize 1.2 G M/T,"1,200",MT,G,36,"1,255",-,205 / 65 R16,87,"2,525",4030 x 1710 x 1635,5,4X2,FF,5,5,4,CKD,INA,252,289,210,182,166,118,97,-,-,-,-,-,0.4%,0.3%,"1,314"
,,,,Raize 1.2 G At,"1,200",AT,G,36,"1,255",-,205 / 65 R16,87,"2,525",4030 x 1710 x 1635,5,4X2,FF,5,5,4,CKD,INA,36,46,5,64,20,10,26,-,-,-,-,-,0.1%,0.0%,207
,,,,Raize 1.2 Export,"1,200",AT,G,36,"1,255",-,205 / 65 R16,87,"2,525",4030 x 1710 x 1635,5,4X2,FF,5,5,4,CKD,INA,"3,623","3,944","4,269","4,159","4,393","4,156","5,120",-,-,-,-,-,7.9%,6.5%,"29,664"
,,,,Rush 1.5 G M/T  (Cb),"1,500",MT,G,45,"1,670",-,221 / 65 R16,103,"2,685",4441 x 1695 x 1705,7,4X2,FR,5,5,4,CKD,INA,196,249,144,155,126,96,172,-,-,-,-,-,0.3%,0.2%,"1,138"
,,,,Rush 1.5 G At (Cd),"1,500",AT,G,45,"1,670",-,222 / 65 R16,103,"2,685",4442 x 1695 x 1705,7,4X2,FR,4,5,4,CKD,INA,104,284,160,247,99,100,160,-,-,-,-,-,0.3%,0.3%,"1,154"
,,,,Rush 1.5 S M/T  (Bh),"1,500",MT,G,45,"1,670",-,223 / 65 R16,103,"2,685",4443 x 1695 x 1705,7,4X2,FR,5,5,4,CKD,INA,"1,781","1,169","1,039","1,222","1,222","1,205","1,052",-,-,-,-,-,2.3%,1.9%,"8,690"
,,,,Rush 1.5 S At (Cc),"1,500",AT,G,45,"1,670",-,224 / 65 R16,103,"2,685",4444 x 1695 x 1705,7,4X2,FR,4,5,4,CKD,INA,"1,367","1,380",748,596,839,933,"1,026",-,-,-,-,-,1.8%,1.5%,"6,889"
,,,,Rush 1.5 Export,"1,500",-,G,45,"1,670",-,225 / 65 R16,103,"2,685",4445 x 1695 x 1705,7,4X2,FR,-,5,4,CKD,INA,725,753,806,"1,020","1,191",952,"1,126",-,-,-,-,-,1.8%,1.4%,"6,573"
,,,,Town / Lite,-,MT,G,-,-,-,-,-,-,-,-,4X2,FR,-,5,4,CKD,INA,480,393,354,842,"1,183","1,661","3,587",-,-,-,-,-,2.3%,1.9%,"8,500"
,,WULING,PT. SGMW Indonesia,Confero 1.5,"1,500",MT,G,42,5,-,195/60 R15,107,"2,720",4493X1691X1715,7,4X2,FR,-,5,4,CKD,INA,400,494,342,2,60,-,-,-,-,-,-,-,0.3%,0.3%,"1,298"
,,,,Confero S 1.5C,"1,500",MT,G,42,5,-,195/60 R15,107,"2,720",4530X1691X1730,7,4X2,FR,-,5,4,CKD,INA,-,-,-,50,40,50,-,-,-,-,-,-,0.0%,0.0%,140
,,,,Cortez 1.5S T  MT,"1,500",MT,G,52,-,"4,058",205/55 R16,129,"2,750",4780X1816X1755,-,4X2,FF,-,5,4,CKD,INA,-,-,-,-,30,65,50,-,-,-,-,-,0.0%,0.0%,145
,,,,Cortez 1.5 CE,"1,500",CVT,G,52,-,"4,058",205/55 R16,129,"2,750",4780X1816X1755,-,4X2,FF,-,5,4,CKD,INA,-,10,-,-,-,70,-,-,-,-,-,-,0.0%,0.0%,80
,,,,Cortez 1.5 EX,"1,500",CVT,G,52,-,"4,058",205/55 R16,129,"2,750",4780X1816X1755,-,4X2,FF,-,5,4,CKD,INA,-,100,100,30,50,116,-,-,-,-,-,-,0.1%,0.1%,396
,,,,Formo 1.2 BV,"1,200",MT,G,42,-,5,195/60 R15,107,"2,720",4530X1691X1730,-,4X2,FR,-,5,4,CKD,INA,-,20,-,-,31,-,-,-,-,-,-,-,0.0%,0.0%,51
,,,,Formo 1.2,"1,200",MT,G,42,-,5,195/60 R15,107,"2,720",4530X1691X1730,-,4X2,FR,-,5,4,CKD,INA,-,-,20,40,59,1,-,-,-,-,-,-,0.0%,0.0%,120
,,,,Alvez 1.5 SE,"1,500",AT,G,-,-,-,-,-,-,-,-,4X2,FR,-,5,4,CKD,INA,50,155,45,55,5,55,-,-,-,-,-,-,0.1%,0.1%,365
,,,,Alvez 1.5 CE,"1,500",AT,G,-,-,-,-,-,-,-,-,4X2,FR,-,5,4,CKD,INA,50,80,100,140,49,75,1,-,-,-,-,-,0.1%,0.1%,495
,,,,Alvez 1.5 EX,"1,500",AT,G,-,-,-,-,-,-,-,-,4X2,FR,-,5,4,CKD,INA,100,120,150,105,45,180,-,-,-,-,-,-,0.2%,0.2%,700
,,,,New Almaz SE,"1,500",CVT,G,-,-,-,-,-,-,-,-,-,-,-,5,4,CKD,INA,-,-,-,-,-,-,-,-,-,-,-,-,0.0%,0.0%,-
,,,,New Almaz RS Pro,"1,500",CVT,G,-,-,-,-,-,-,-,-,-,-,-,5,4,CKD,INA,40,30,25,10,25,30,1,-,-,-,-,-,0.0%,0.0%,161
,,,,Air EV Lite,-,AT,BEV,-,-,-,-,-,-,-,-,4X2,FR,-,3,4,CKD,INA,60,-,-,-,-,-,-,-,-,-,-,-,0.0%,0.0%,60
,,,,Air EV Long Range,-,AT,BEV,-,-,-,-,-,-,-,-,4X2,FR,-,3,4,CKD,INA,100,-,-,-,-,-,-,-,-,-,-,-,0.0%,0.0%,100
,,,,New Air ev Lite 200KM,-,AT,BEV,-,-,-,-,-,-,-,-,4X2,FR,-,3,4,CKD,INA,-,288,216,288,288,432,432,-,-,-,-,-,0.5%,0.4%,"1,944"
,,,,New Air ev Lite 300KM,-,AT,BEV,-,-,-,-,-,-,-,-,4X2,FR,-,3,4,CKD,INA,-,72,-,72,-,72,72,-,-,-,-,-,0.1%,0.1%,288
,,,,New Air ev Pro 300KM,-,AT,BEV,-,-,-,-,-,-,-,-,4X2,FR,-,3,4,CKD,INA,-,212,360,216,216,72,72,-,-,-,-,-,0.3%,0.3%,"1,148"
,,,,Binguo 333 KM AC,-,AT,BEV,-,-,-,-,-,-,-,-,-,-,-,3,4,CKD,INA,-,-,-,-,-,-,-,-,-,-,-,-,0.0%,0.0%,-
,,,,Binguo 333 KM DC,-,AT,BEV,-,-,-,-,-,-,-,-,-,-,-,3,4,CKD,INA,30,-,-,-,-,-,-,-,-,-,-,-,0.0%,0.0%,30
,,,,Binguo 410 KM DC,-,AT,BEV,-,-,-,-,-,-,-,-,-,-,-,3,4,CKD,INA,-,-,-,172,54,1,-,-,-,-,-,-,0.1%,0.0%,227
,,,,New Binguo Lite,-,AT,BEV,-,-,-,-,-,-,-,-,-,-,-,5,4,CKD,INA,-,-,-,-,-,-,360,-,-,-,-,-,0.1%,0.1%,360
,,,,New Binguo Pro,-,AT,BEV,-,-,-,-,-,-,-,-,-,-,-,5,4,CKD,INA,-,-,-,-,-,-,39,-,-,-,-,-,0.0%,0.0%,39
,,,,Cloud 460 KM,-,AT,BEV,-,-,-,-,-,-,-,-,-,-,-,5,4,CKD,INA,24,-,-,-,-,-,-,-,-,-,-,-,0.0%,0.0%,24
,,,,New Cloud Pro,-,AT,BEV,-,-,-,-,-,-,-,-,-,-,-,5,4,CKD,INA,-,427,144,72,288,144,216,-,-,-,-,-,0.3%,0.3%,"1,291"
,,,,New Cloud Lite,-,AT,BEV,-,-,-,-,-,-,-,-,4X2,FR,-,3,4,CKD,INA,-,-,72,144,244,188,144,-,-,-,-,-,0.2%,0.2%,792
,,X-PENG,PT Handal Indonesia Motor,X9 Long Range Pro+ (4x2) A/T,-,AT,BEV,-,-,-,-,-,"3,160",5293 x 1988 x 1785,7,4X2,FR,-,5,4,CBU,China,-,-,-,-,-,-,30,-,-,-,-,-,0.0%,0.0%,30
,,,,G6 Standard Range (4x2) A/T,-,AT,BEV,-,-,-,-,-,"2,890",4753 x 1920 x 1650,5,4X2,RR,-,5,4,CKD,INA,-,-,-,-,-,-,-,-,-,-,-,-,0.0%,0.0%,-
,,TOTAL,,,,,,,,,,,,,,,,,,,,,"47,138","55,962","53,128","42,820","52,963","57,332","64,637",-,-,-,-,-,100%,81%,"373,980"
,,CUMMULATIVE,,,,,,,,,,,,,,,,,,,,,"47,138","103,100","156,228","199,048","252,011","309,343","373,980",,,,,,,,
,,,,,,,,,,,,,,,,,,,,,,,,,,,,,,,,,,,,,
(4X2) CC 1.501 -  2.500 [G/D] ...,,,,,,,,,,,,,,,,,,,,,,,,,,,,,,,,,,,,,
4X2 TYPE PRODUCTION TOTAL,,,,,,,,,,,,,,,,,,,,,,,,,,,,,,,,,,,,,
