NO.,SPECIFICATION,,,,,,,,,,,,,,,,,,,,,MONTH,,,,,,,,,,,,TOTAL
,IMPORTER,BRAND,MODEL,CC,"TRANS
(AT/MT)","FUEL
(G/D)","TANK
CAPT","GVW
(Kg)","GEAR
RATIO","WHEEL &
TYRE SIZE",PS/HP,"WHEEL
BASE","DIMENSI ON
P x L x T",SEATER,DRIVE SYS.,,SPEED,DOOR,WHEELS,"CBU / CKD /
COMP","ORIGIN
COUNTRY",JAN,FEB,MAR,APR,MAY,JUN,JUL,AUG,SEP,OCT,NOV,DEC,
CBU IMPORT,,,,,,,,,,,,,,,,,,,,,,,,,,,,,,,,,,
1,PT. HONDA PROSPECT MOTOR,HONDA,ALL NEW CITY,1.5,CVT,G,40,-,-,16 x 6J,120,"2,600",4442 x 1694 x 1477,-,4X2,FF,-,4,4,CBU,Thailand,60,240,30,60,-,30,60,90,30,-,28,2,630
,,,ALL NEW CIVIC,1.5,CVT,G,-,-,-,-,-,-,-,-,-,-,-,-,-,CBU,Thailand,90,180,60,60,-,-,90,-,90,-,-,60,630
,,,CIVIC TYPE R,2.0,MT,G,-,-,-,-,-,-,-,-,4X2,-,-,5,4,CBU,UK,-,-,-,-,-,-,-,-,-,-,-,-,-
,,,New ACCORD VTi-L,1.5,CVT,G,56,"1,560",-,-,190,"2,830",4894 x 1862 x 1450,-,4X2,FF,-,4,4,CBU,Thailand,60,60,30,-,30,29,-,60,-,-,30,-,299
,,,TOTAL,,,,,,,,,,,,,,,,,,,210,480,120,120,30,59,150,150,120,-,58,62,"1,559"
2,PT. TOYOTA ASTRA MOTOR,TOYOTA,VIOS 1.5 E A/T FMC,"1,497",MT,G,42,"1,080",1,195/50 R16,109 / 6000,"2,550",4410X1700X1475,5,4X2,FF,5,4,4,CBU,Thailand,-,-,-,-,-,1,-,-,-,-,-,-,1
,,,VIOS 1.5 G A/T FMC,"1,497",AT,G,42,"1,080",1,195/50 R16,109 / 6000,"2,550",4410X1700X1475,5,4X2,FF,5,4,4,CBU,Thailand,-,-,-,-,1,1,-,-,-,-,59,41,102
,,,All New Corolla Altis 1.8 V A/T,"1,798",AT,G,55,"1,270",5,21545R17,151 / 6400,"2,700",4620X1776X1460,5,4X2,FR,6,4,4,CBU,Thailand,53,41,24,12,43,28,22,30,220,243,100,34,850
,,,All New Corolla Altis 1.8 Hybrid A/T,"1,798",AT,G,55,"1,270",5,21545R17,151 / 6400,"2,700",4620X1776X1460,5,4X2,FR,6,4,4,CBU,Thailand,12,17,24,6,18,6,31,15,14,17,23,7,190
,,,All New Camry 2.5 G 2019,"2,497",AT,G,70,"1,465","3,815",215/60R16,181 / 6000,"2,775",4825X1825X1470,5,4X2,FR,5,4,4,CBU,Thailand,-,-,-,-,-,-,-,-,-,-,-,-,-
,,,All New Camry 2.5 V 2019,"2,497",AT,G,70,"1,465","3,815",215/55R17,181 / 6000,"2,775",4825X1825X1470,5,4X2,FR,5,4,4,CBU,Thailand,57,72,78,9,33,50,95,84,132,107,115,37,869
,,,All New Camry 2.5 Hybrid 2019,"2,494",AT,G,65,"1,625","3,542",215/55R17,156.6 /5700,"2,775",4825X1825X1470,5,4X2,FR,5,4,4,CBU,Thailand,34,54,54,6,21,7,18,6,3,17,40,13,273
,,,GR 86 A/T,"1,998",AT,G,50,-,-,215/45/R17,147 / 6.800,"2,570",4240X1775X1285,5,4X2,FR,6,4,4,CBU,Japan,-,-,-,-,1,-,-,2,9,5,7,5,29
,,,Supra 3.0 A/T,"2,998",AT,G,50,-,-,-,-,-,-,5,4X2,FR,6,4,4,CBU,Japan,2,-,-,-,-,-,-,-,1,-,4,-,7
,,,Voxy 2.0 A/T,"1,987",A/T,G,60,"2,205",-,205/60 R16,158 / 6200,-,4600X1695X1850,7,4X2,FR,5,5,4,CBU,Japan,92,302,368,113,82,186,387,134,171,169,147,417,"2,568"
,,,Alphard 2.5 G,"2,494",AT,G,65,"1,920","5,791",215/60/R17,170 / 6000,"2,950",4870X1830X1905,7,4X2,FR,5,5,4,CBU,Japan,-,13,415,585,266,355,853,626,484,486,330,580,"4,993"
,,,Alphard 2.5 X,"2,494",AT,G,65,"1,905","5,791",215/60/R17,170 / 6000,"2,950",4870X1830X1905,7,4X2,FR,5,5,4,CBU,Japan,-,-,3,2,-,-,-,7,-,13,32,-,57
,,,Alphard 3.5,"3,456",AT,G,65,"1,905","5,791",215/60/R17,170 / 6000,"2,950",4870X1830X1905,7,4X2,FR,5,5,4,CBU,Japan,-,-,6,8,-,-,-,-,-,-,2,-,16
,,,Vellfire 2.5,"2,494",AT,G,65,"1,905","5,791",215/60/R17,170 / 6000,"2,950",4870X1830X1905,7,4X2,FR,5,5,4,CBU,Japan,-,1,46,35,11,24,45,44,38,32,31,17,324
,,,C-Hr 1.8 A/T,"1,798",AT,G,50,-,-,215 / 60 R17,141 / 6400,"2,640",4360x1795x1565,5,4X2,FR,7,5,4,CBU,Thailand,-,-,-,-,-,-,-,-,-,-,-,-,-
,,,C-Hr 1.8 A/T Hybrid,"1,798",AT,HYBRID,50,-,-,215 / 60 R17,141 / 6400,"2,640",4360x1795x1565,5,4X2,FR,7,5,4,CBU,Thailand,-,-,-,-,2,5,12,11,14,13,23,-,80
,,,Corolla Cross 1.8 A/T,"1,798",AT,G,50,-,-,215 / 60 R17,141 / 6400,"2,640",4360x1795x1565,5,4X2,FR,7,5,4,CBU,Thailand,-,-,-,-,-,-,-,-,-,-,-,-,-
,,,Corolla Cross 1.8 A/T Hybrid,"1,798",AT,HYBRID,50,-,-,215 / 60 R17,141 / 6400,"2,640",4360x1795x1565,5,4X2,FR,7,5,4,CBU,Thailand,98,167,66,40,151,97,93,43,58,42,96,37,988
,,,Corolla Cross 1.8 A/T Hybrid GR Sport,"1,798",AT,HYBRID,50,-,-,215 / 60 R17,141 / 6400,"2,640",4360x1795x1565,5,4X2,FR,7,5,4,CBU,Thailand,-,-,-,-,-,-,-,-,-,1,-,-,1
,,,Land Cruiser 300 GR-S,"4,461",AT,D,-,-,-,-,-,-,-,7,4X4,FR,5,5,4,CBU,Japan,21,8,10,7,6,7,13,-,2,7,11,12,104
,,,Land Cruiser 300 VXR,"4,461",AT,D,-,-,-,-,-,-,-,7,4X4,FR,5,5,4,CBU,Japan,-,-,5,17,9,15,18,-,13,23,16,12,128
,,,Land Cruiser 300 ZX,"4,461",AT,D,-,-,-,-,-,-,-,7,4X4,FR,5,5,4,CBU,Japan,17,9,22,-,-,-,-,-,-,-,-,-,48
,,,LAND CRUISER 70,"4,461",AT,D,-,-,-,-,-,-,-,7,4X4,AWD,5,5,4,CBU,Japan,-,-,-,-,-,4,7,126,-,-,2,-,139
,,,COMS EV,-,AT,EV,-,-,-,-,-,-,-,-,-,-,-,2,4,CBU,Japan,-,-,-,-,-,-,-,-,-,-,-,-,-
,,,C+POD EV,-,AT,EV,-,-,-,-,-,-,-,-,-,-,-,2,4,CBU,Japan,-,-,12,-,-,-,-,-,-,-,-,-,12
,,,BZ4X EV,-,AT,EV,-,-,-,-,-,-,-,-,-,-,-,2,4,CBU,Japan,-,-,-,2,35,21,1,-,-,3,3,-,65
,,,Gr Yaris 1.6,"1,618",MT,G,42,"1,075","4,237",225/40R18,261 / 6500,"2,560","3,995X1,805X1,455",5,4X2,FR,4,5,4,CBU,Japan,14,2,12,8,-,-,-,-,-,-,-,-,36
,,,Hi-Ace Commuter Hi Grade,"2,494",MT,D,70,"2,145",-,195/R15,102 / 3600,"3,110",5380X1880X2285,16,4X2,FR,5,4,4,CBU,Thailand,15,61,90,47,59,158,159,89,115,158,175,70,"1,196"
,,,Hi-Ace Std,"2,494",MT,D,70,"2,145",-,195/R15,102 / 3600,"3,110",5380X1880X2285,16,4X2,FR,5,4,4,CBU,Thailand,-,-,-,-,-,-,-,-,-,-,-,-,-
,,,Hi-Ace 2.8 Premio,"2,755",MT,D,70,"2,145",-,195/R15,102 / 3600,"3,110",5380X1880X2285,16,4X2,FR,5,4,4,CBU,Thailand,33,135,114,19,25,92,59,100,142,157,215,42,"1,133"
,,,Hilux 2.0 P/U Scab,"1,998",M/T,D,65,"1,265",-,205 / 70 R15,136 / 5600,"2,750",4800X1760X1680,2,4X2,FR,5,2,4,CBU,Thailand,124,210,132,82,216,60,128,82,98,85,315,216,"1,748"
,,,Hilux 2.4 P/U Scab,"2,394",M/T,D,65,"1,490",-,255 / 70 R15C,102 / 3600,"2,750",4800X1760X1680,2,4X2,FR,5,2,4,CBU,Thailand,126,157,90,18,29,20,-,10,146,158,398,362,"1,514"
,,,Hilux 2.4 P/U Scab 4X4,"2,394",M/T,D,70,"1,880",-,255 / 70 R15C,144 / 3400,"3,085",5260X1835X1850,4,4X4,FR,5,4,4,CBU,Thailand,182,195,96,33,57,107,207,36,193,184,616,594,"2,500"
,,,Hilux 2.4 P/U Dcab E 4X4,"2,394",M/T,D,70,"1,880",-,255 / 70 R15C,144 / 3400,"3,085",5260X1835X1850,4,4X4,FR,5,4,4,CBU,Thailand,-,-,-,-,-,-,-,-,-,-,-,-,-
,,,Hilux 2.4 P/U Dcab G 4X4,"2,394",M/T,D,70,"1,880",-,255 / 70 R15C,144 / 3400,"3,085",5260X1835X1850,4,4X4,FR,5,4,4,CBU,Thailand,439,"1,039","1,376",502,526,238,433,455,"1,461","1,275",734,"2,253","10,731"
,,,HILUX 2.4 P/U DCAB V 4x4,"2,755",A/T,D,70,"1,880",-,265/60 R18,144 / 3400,"3,085",5260X1835X1850,4,4X4,FR,5,4,4,CBU,Thailand,56,107,363,158,65,71,86,44,254,245,164,162,"1,775"
,,,HI-LUX 2.8 P/U GR-S DCAB 4x4 A/T,"2,394",A/T,D,70,"1,880",-,255 / 70 R15C,144 / 3400,"3,085",5260X1835X1850,4,4X4,FR,5,4,4,CBU,Thailand,-,-,-,-,1,-,-,-,-,-,-,10,11
,,,TOTAL,,,,,,,,,,,,,,,,,,,"1,375","2,590","3,406","1,709","1,657","1,553","2,667","1,944","3,568","3,440","3,658","4,921","32,488"
3,PT. TOYOTA ASTRA MOTOR,LEXUS,ES 250,"2,494",AT,G,-,-,-,-,181 / 6000,-,4900X1820X1450,4,4X2,FR,-,4,4,CBU,Japan,-,-,-,-,-,-,-,-,-,-,-,-,-
,,,ES 300 h,"2,494",AT,HYBRID,65,-,-,215 / 55 R17,202 / 5700,"2,820",4900X1820X1450,4,4X2,FR,-,4,4,CBU,Japan,-,15,29,9,6,16,29,42,2,11,2,3,164
,,,ES 300h Ultra Luxury,"2,494",AT,HYBRID,65,-,-,215 / 55 R17,202 / 5700,"2,820",4900X1820X1450,4,4X2,FR,-,4,4,CBU,Japan,-,-,-,-,-,-,-,-,-,-,-,-,-
,,,LS 500 Executive,"3,445",AT,G,-,"2,760",-,245 / 45 R20,-,"3,125",5235X1900X1450,4,4X2,FR,10,4,4,CBU,Japan,-,1,1,-,-,-,2,-,-,-,-,-,4
,,,LS 500 Hybrid,"3,445",AT,HYBRID,-,-,-,245 / 45 R20,-,-,5235X1900X1450,-,4X2,FR,-,-,-,CBU,Japan,-,1,-,-,-,-,1,1,1,1,2,2,9
,,,LM 350 4 Seater,"4,969",AT,G,66,"2,870",-,-,471 / 7100,"2,730",4770X1920X1345,2,4X2,FR,-,2,4,CBU,Japan,-,1,18,12,7,3,15,-,20,17,1,-,94
,,,LM 350 7 Seater,"4,969",AT,G,66,"2,870",-,-,471 / 7100,"2,730",4770X1920X1345,2,4X2,FR,-,2,4,CBU,Japan,-,1,39,34,6,14,32,-,59,31,4,1,221
,,,LC 500,"4,969",AT,G,66,"2,870",-,-,471 / 7100,"2,730",4770X1920X1345,2,4X2,FR,-,2,4,CBU,Japan,-,-,-,-,-,-,-,-,-,-,2,-,2
,,,NX 350h,"1,998",AT,G,60,-,-,255 / 60 R18,235 / 4000,"2,660",4630X1845X1630,4,4X2,FR,-,4,4,CBU,Japan,-,-,-,-,2,3,6,-,-,1,-,-,12
,,,NX 250,"1,998",AT,G,60,-,-,255 / 60 R18,235 / 4000,"2,660",4630X1845X1630,4,4X2,FR,-,4,4,CBU,Japan,-,2,1,1,-,-,15,-,1,-,-,-,20
,,,NX 300 F-Sport,"1,998",AT,G,60,-,-,255 / 60 R18,235 / 4000,"2,660",4630X1845X1630,4,4X2,FR,-,4,4,CBU,Japan,-,-,-,-,-,-,-,-,-,-,-,-,-
,,,RX 300 Luxury,"1,998",AT,G,72,"2,500",-,-,235 / 4400,"2,790",4890X1895X1690,4,4X2,FR,-,4,4,CBU,Japan,-,27,46,21,12,4,-,-,-,-,-,-,110
,,,RX 300 F-Sport,"1,998",AT,G,72,"2,500",-,-,235 / 4400,"2,790",4890X1895X1690,4,4X2,FR,-,4,4,CBU,Japan,-,53,67,38,21,3,-,-,-,-,-,-,182
,,,UX 250h,"1,998",AT,HYBRID,72,"2,500",-,-,235 / 4400,"2,790",4890X1895X1690,4,4X2,FR,-,4,4,CBU,Japan,-,-,-,-,1,-,-,-,13,8,1,-,23
,,,UX 300e,-,AT,EV,-,-,-,-,-,-,-,4,4X2,FR,-,4,4,CBU,Japan,-,-,2,-,2,-,-,4,87,61,-,-,156
,,,RX 350,"3,456",AT,G,-,-,-,-,-,-,-,4,4X2,FR,-,4,4,CBU,Japan,-,-,-,-,-,-,-,1,-,-,-,-,1
,,,LEXUS RX 350h,"2,487",AT,HYBRID,-,-,-,-,-,-,-,4,4X2,FR,-,4,4,CBU,Japan,-,-,-,-,1,-,-,-,-,-,-,-,1
,,,LEXUS RX 450h+,"2,487",AT,HYBRID,-,-,-,-,-,-,-,4,4X2,FR,-,4,4,CBU,Japan,-,-,-,-,1,-,-,-,-,-,-,-,1
,,,LX 600,"3,456",AT,G,-,-,-,-,-,-,-,4,4X2,FR,-,4,4,CBU,Japan,-,5,16,7,4,7,16,2,1,4,-,-,62
,,,TOTAL,,,,,,,,,,,,,,,,,,,-,106,219,122,63,50,116,50,184,134,12,6,"1,062"
4,PT. SUZUKI INDOMOBIL MOTOR,SUZUKI,Ignis GX MT,"1,197",MT,G,43,"1,430","4,388",185/60 R15,85,"2,360",3715 X 1680 X 1618,5,4X2,FF,-,4,4,CBU,India,-,-,7,80,39,110,7,69,76,24,151,17,580
,,,Ignis GX AT,"1,197",AT,G,43,"1,430","4,375",185/60 R15,85,"2,360",3715 X 1680 X 1618,5,4X2,FF,-,4,4,CBU,India,12,-,3,3,8,4,-,144,55,96,76,158,559
,,,New SX4 S-Cros,"1,490",MT,G,48,"1,670",-,205/60 R16,109,"2,600",4300 X 1765 X 1690,5,4X2,FF,-,4,4,CBU,India,-,-,-,-,-,-,-,-,-,-,-,-,-
,,,New SX4 S-Cros AT,"1,490",AT,G,48,"1,670",-,205/60 R16,109,"2,600",4300 X 1765 X 1690,5,4X2,FF,-,4,4,CBU,India,-,28,-,97,90,36,341,-,2,-,1,-,595
,,,New Jimny MT,"1,462",MT,G,40,"1,435","4,090",195/80 R15,102,"2,250",3625 X 1645 X 1720,4,4X4,4WD,-,4,4,CBU,Japan,4,-,4,16,10,4,7,-,6,8,-,21,80
,,,New Jimny AT,"1,462",AT,G,40,"1,435","4,300",195/80 R15,102,"2,250",3625 X 1645 X 1720,4,4X4,4WD,-,4,4,CBU,Japan,-,90,153,-,69,64,73,-,61,208,-,129,847
,,,New Jimny 2TONE MT,"1,462",MT,G,40,"1,435","4,090",195/80 R15,102,"2,250",3625 X 1645 X 1720,4,4X4,4WD,-,4,4,CBU,Japan,-,3,3,11,9,2,4,-,1,3,-,5,41
,,,New Jimny 2TONE AT,"1,462",AT,G,40,"1,435","4,300",195/80 R15,102,"2,250",3625 X 1645 X 1720,4,4X4,4WD,-,4,4,CBU,Japan,-,17,81,-,36,40,35,-,24,44,-,41,318
,,,S-Presso Mt,998,MT,G,-,-,-,-,-,-,-,-,4X2,FF,-,-,-,CBU,India,-,-,-,3,21,650,620,5,-,-,-,-,"1,299"
,,,S-Presso At,998,AT,G,-,-,-,-,-,-,-,-,4X2,FF,-,-,-,CBU,India,-,-,-,-,3,14,981,1,-,-,-,-,999
,,,New Baleno,"1,490",MT,G,51,"1,650",-,195/55 R15,110,"2,480",4350 X 1690 X 1545,5,4X2,FF,-,4,4,CBU,India,-,-,-,-,-,-,273,145,38,51,8,91,606
,,,New Baleno AT,"1,490",AT,G,51,"1,650",-,195/55 R15,110,"2,480",4350 X 1690 X 1545,5,4X2,FF,-,4,4,CBU,India,-,-,-,-,-,-,3,5,140,251,346,162,907
,,,TOTAL,,,,,,,,,,,,,,,,,,,16,138,251,210,285,924,"2,344",369,403,685,582,624,"6,831"
5,PT. MITSUBISHI MOTORS KRAMA YUDHA INDONESIA,MITSUBISHI MOTORS,L300 D P/U FLD,"2,268",MT,D,47,2345,3909,"7,00-14-8PR",99.25,2350,4165 X 1695 X 1915,3,4X2,FR,0,2,4,CBU,Phillipines,-,-,-,-,120,"1,028","1,878","3,137","1,797","1,679",856,"1,276","11,771"
,,,L300 CC,"2,268",MT,D,47,2345,3909,"7,00-14-8PR",99.25,2350,4165 X 1695 X 1915,3,4X2,FR,0,2,4,CBU,Phillipines,-,-,-,-,46,61,72,144,71,44,59,79,576
,,,Triton 2.5L Dc Exceed (4X4) MT,"2,442",MT,D,75,"2,870","3,692",245/65/R17,181,"3,000",5305 X 1815 X 1780,5,4X4,4WD,-,4,4,CBU,Thailand,95,-,232,-,30,-,61,26,35,-,7,-,486
,,,Triton Su 2.5L Hp-E D Cab Ultimate (4X4) A/T,"2,442",AT,D,75,"2,870","4,272",265/60 R18,181,"3,000",5305 X 1815 X 1795,5,4X4,4WD,-,4,4,CBU,Thailand,68,38,125,-,1,-,69,42,250,249,1,8,851
,,,Triton 2.5L Dc Gls (4X4) Mt,"2,442",MT,D,75,"2,850","4,090",245/70/R16,136,"3,000",5225 X 1815 X 1780,5,4X4,4WD,-,4,4,CBU,Thailand,125,9,963,-,120,181,215,502,-,31,10,99,"2,255"
,,,Triton 2.5L Dc Hdx (4X4) Mt,"2,477",MT,D,75,"2,850","4,636",205/R16C 8PR,110,"3,000",5225 X 1785 X 1775,5,4X4,4WD,-,4,4,CBU,Thailand,620,323,"1,145",372,597,835,443,486,270,561,337,304,"6,293"
,,,Triton 2.5L Sc Hdx (4X4) Mt,"2,477",MT,D,75,"2,760","4,636",205/R16C 8PR,110,"3,000",5100 X 1815 X1780,2,4X4,4WD,-,2,4,CBU,Thailand,177,130,458,-,145,216,114,263,533,231,65,260,"2,592"
,,,Triton 2.5L Sc Glx  (4X2) Mt,"2,442",MT,D,75,"2,760","4,090",205R16C 110/80R 8PR,136,"3,000",5100 X 1815 X 1780,2,4X2,FR,-,2,4,CBU,Thailand,25,2,73,-,4,2,12,-,8,-,-,-,126
,,,TOTAL,,,,,,,,,,,,,,,,,,,"1,110",502,"2,996",372,"1,063","2,323","2,864","4,600","2,964","2,795","1,335","2,026","24,950"
6,PT. KRAMA YUDHA TIGA BERLIAN MOTORS,MITSUBISHI FUSO,FI 1217 (4X2) M/T,"3,907",MT,D,160,"12,700","6,330","8.25-20,16 PR",170,"3,760",3.760 X 6.035 X 2.225,3,4X2,FR,80,2,6,CBU,India,-,-,-,-,-,-,-,-,-,-,-,-,-
,,,FJ 2523 (6X2) M/T,"6,373",MT,D,380,"25,000","5,875",10/R20/ 16PR,230,"7,050",11.967X2490X2960,3,6X2,FR,90,2,10,CBU,India,-,-,-,-,-,-,-,-,-,-,-,-,-
,,,TOTAL,,,,,,,,,,,,,,,,,,,-,-,-,-,-,-,-,-,-,-,-,-,-
7,PT. ASTRA DAIHATSU MOTOR,DAIHATSU,All New Sirion MT 2022,"1,329",MT,G,36,980,"4,267",185/55 R15,95,"2,500",3895X1735X1525,5,4X2,FF,-,5,4,CBU,Malaysia,-,-,-,-,40,30,30,60,60,23,-,-,243
,,,All New Sirion CVT 2022,"1,329",AT,G,36,"1,000","4,032",185/55 R15,95,"2,500",3895X1735X1525,5,4X2,FF,-,5,4,CBU,Malaysia,-,-,-,79,21,10,30,70,120,119,50,-,499
,,,TOTAL,,,,,,,,,,,,,,,,,,,-,-,-,79,61,40,60,130,180,142,50,-,742
8,PT. TJAHJA SAKTI MOTOR,BMW,M135i xDrive A/T,"1,998",AT,G,50,"2,085",-,225/40 R18 92Y,306,"2,670",4319x1799x1434,-,4X4,4WD,-,3,4,CBU,Germany,-,-,1,-,-,3,-,-,-,-,-,-,4
,,,220i Coupe A/T,"1,998",AT,G,52,"1,965",-,225/45 R18 95Y; 255/40 R18 99Y,184,"2,741",4537 x 1838 x 1390,-,4X2,FR,-,-,4,CBU,Germany,-,-,-,-,-,7,3,-,-,-,-,-,10
,,,M3 A/T,"2,993",AT,G,59,"2,210",-,275/35 ZR19 100Y; 285/30 ZR20 99Y,510,"2,857",4794 x 1903 x 1433,-,4X2,FR,-,-,4,CBU,Germany,-,-,3,3,-,18,4,1,-,-,-,-,29
,,,M4 CSL A/T,"2,993",AT,G,59,"1,970",-,275/35 ZR19 100Y; 285/30 ZR20 99Y,551,"2,857",4794 x 1921 x 1386,2,4X2,FR,-,2,4,CBU,Germany,-,-,-,-,-,-,-,-,-,1,-,-,1
,,,M4 Coupe A/T,"2,993",AT,G,59,"2,155",-,275/35 ZR19 100Y; 285/30 ZR20 99Y,510,"2,857",4794 x 1887 x 1393,-,4X2,FR,-,-,4,CBU,Germany,-,-,13,1,-,8,4,9,-,15,34,19,103
,,,430i Convertible A/T,"1,998",AT,G,59,"2,200",-,225/40 R19 93Y; 255/35 R19 96Y,258,"2,851",4768 x 1852 x 1384,-,4X2,FR,-,-,4,CBU,Germany,-,-,6,3,-,9,4,3,-,-,-,-,25
,,,430i Coupe A/T,"1,998",AT,G,59,"2,030",-,225/40 R19 93Y; 255/35 R19 96Y,258,"2,851",4768 x 1852 x 1383,-,4X2,FR,-,-,4,CBU,Germany,-,-,7,6,-,12,5,2,-,8,-,-,40
,,,M5 A/T,"4,395",AT,G,68,"2,440",-,275/35 ZR20 102Y; 285/35 ZR20 104Y,625,"2,982",4983 x 1903 x 1473,-,4X4,4WD,-,-,4,CBU,Germany,-,-,-,-,-,-,-,-,-,1,-,-,1
,,,530i Touring RHD A/T,"1,998",AT,G,68,"2,425",-,245/40 R19 98Y; 275/35 R19 100Y,252,"2,975",4963 x 1868 x 1498,-,4X2,FR,-,-,4,CBU,Germany,-,-,-,6,-,16,1,2,-,-,-,-,25
,,,740Li A/T,"2,998",AT,G,78,"2,500",-,245/40 R20 99Y; 275/35 R20 102Y,340,"3,210",5260x1902x1479,-,4X2,FR,-,-,4,CBU,Germany,-,-,-,-,-,1,-,-,-,-,-,-,1
,,,M8 Coupe A/T,"4,395",AT,G,68,"2,385",-,275/35 ZR20 102Y; 285/35 ZR20 104Y,625,"2,827",4867x1907x1362,-,4X4,4WD,-,-,4,CBU,Germany,-,-,-,-,-,-,-,-,-,-,-,-,-
,,,Z4 sDrive30i A/T,"1,998",AT,G,52,"1,740",-,255/40 ZR18 95Y; 275/40 ZR18 99Y,258,"2,470",4324x1864x1304,-,4X2,FR,-,2,4,CBU,Germany,-,-,6,-,-,18,1,-,-,-,-,-,25
,,,Z4 M40i A/T,"2,998",AT,G,52,"1,860",-,255/35 ZR19 96Y; 275/35 ZR19 100Y,387,"2,470",4324 x 1864 x 1304,-,4X2,FR,-,-,4,CBU,Germany,-,-,-,-,-,8,6,-,-,-,-,-,14
,,,M850i Coupe A/T,"4,395",AT,G,68,"2,395",-,245/35 R20 95Y; 275/30 R20 97Y,530,"2,822",4851x1902x1346,-,4X4,4WD,-,-,4,CBU,Germany,-,-,-,-,-,-,-,-,-,-,-,-,-
,,,M850i xDrive Gran Coupe A/T,"4,395",AT,G,68,"2,600",-,245/35 R20 95Y; 275/30 R20 97Y,530,"3,023",5082 x 1932 x 1407,-,4X4,4WD,-,-,4,CBU,Germany,-,-,-,-,-,-,1,-,-,-,-,-,1
,,,M8 Gran Coupe A/T,"4,395",AT,G,68,"2,440",-,275/35 ZR20 102Y; 285/35 ZR20 104Y,625,"3,027",5098x1943x1420,-,4X4,4WD,-,-,4,CBU,Germany,-,-,-,-,-,-,-,-,-,-,-,-,-
,,,840i Coupe A/T,"2,998",AT,G,68,"2,225",-,245/35 R20 95Y; 275/30 R20 97Y,340,"2,822",4843x1902x1341,-,4X2,FR,-,-,4,CBU,Germany,-,-,2,3,-,2,5,3,-,7,-,-,22
,,,840i Gran Coupe A/T,"2,998",AT,G,68,"2,435",-,245/35 R20 95Y; 275/30 R20 97Y,340,"3,023",5074x1932x1401,-,4X2,FR,-,-,4,CBU,Germany,-,-,1,2,-,1,2,-,-,1,-,-,7
,,,i440 Gran Coupe A/T,-,AT,EV,-,"2,605",-,245/40 R19 98Y; 255/40 R19 100Y,-,"2,856",4783 x 1852 x 1448,-,4X2,RR,-,-,4,CBU,Germany,-,-,-,1,-,1,-,-,-,-,1,1,4
,,,X3 M RHD A/T,"2,993",AT,G,65,"2,500",-,255/40 ZR21 102Y; 265/40 ZR21 105Y,510,"2,864",4716 x 1897 x 1669,-,4X4,4WD,-,-,4,CBU,USA,-,-,2,1,-,1,2,-,-,-,1,-,7
,,,X4 M A/T,"2,993",AT,G,65,"2,500",-,255/40 ZR21 102Y; 265/40 ZR21 105Y,510,"2,864",4758x1927x1618,-,4X4,4WD,-,-,4,CBU,Germany,-,-,-,-,-,-,-,-,-,-,-,-,-
,,,X4 M RHD A/T,"2,993",AT,G,65,"2,500",-,255/40 ZR21 102Y; 265/40 ZR21 105Y,510,"2,864",4754 x 1927 x 1620,-,4X4,4WD,-,-,4,CBU,USA,-,-,3,1,1,3,3,-,-,2,-,-,13
,,,X4 xDrive30i RHD A/T,"1,998",AT,G,65,"2,450",-,245/45 R20 103W; 275/40 R20 106W,252,"2,864",4751 x 1918 x 1621,-,4X4,4WD,-,-,4,CBU,USA,-,-,1,9,1,1,-,1,1,-,-,-,14
,,,X5 M A/T,"4,395",AT,G,83,"3,000",-,295/35 ZR21 107Y; 315/30 ZR22 107Y,625,"2,972",4938 x 2015 x 1747,-,4X4,4WD,-,-,4,CBU,Germany,-,-,-,-,-,1,-,-,-,-,-,-,1
,,,X6 xDrive40i A/T,"2,998",AT,G,83,"2,800",-,275/40 R21 107Y; 315/35 R21 111Y,340,"2,975",4935x2004x1696,-,4X4,4WD,-,-,4,CBU,Germany,-,-,3,18,6,1,-,-,-,-,-,-,28
,,,iX xDrive40 A/T,-,AT,EV,-,"3,010",-,255/50 R21 109Y,-,"3,000",4953 x 1967 x 1695,-,4X4,4WD,-,-,4,CBU,Germany,-,-,-,1,-,-,1,1,-,1,-,-,4
,,,TOTAL,,,,,,,,,,,,,,,,,,,-,-,48,55,8,111,42,22,1,36,36,20,379
9,PT. TJAHJA SAKTI MOTOR,MINI,Cooper Hatch A/T,"1,499",AT,G,40,"1,595",-,205/45 R17 88W,-,"2,495",3821 x 1727 x 1414,-,4X2,FR,-,-,4,CBU,UK,-,-,15,8,1,-,1,2,-,-,-,-,27
,,,Cooper S Hatch A/T,"1,998",AT,G,44,"1,635",-,205/45 R17 88W,-,"2,495",3850 x 1727 x 1414,-,4X2,FR,-,-,4,CBU,UK,-,-,25,22,4,18,22,15,-,-,40,8,154
,,,Cooper SE Hatch A/T,-,AT,EV,-,"1,775",-,205/45 R17 88W,-,"2,495",3850 x 1727 x 1432,-,4X2,FF,-,-,4,CBU,UK,-,-,-,-,5,-,5,5,-,-,13,4,32
,,,John Cooper Works Hatch A/T,"1,998",AT,G,44,"1,710",-,205/40 R18 86W,-,"2,495",3874 x 1727 x 1414,-,4X2,FR,-,-,4,CBU,UK,-,-,13,9,2,3,3,2,-,-,-,-,32
,,,Cooper 5 Door A/T,"1,499",AT,G,40,"1,710",-,205/45 R17 88W,-,"2,567",3982 x 1727 x 1425,-,4X2,FR,-,-,4,CBU,UK,-,-,5,-,-,-,2,-,-,-,-,-,7
,,,Cooper S 5 Door A/T,"1,998",AT,G,44,"1,770",-,205/45 R17 88W,-,"2,567",4005 x 1727 x 1425,-,4X2,FR,-,-,4,CBU,UK,-,-,7,-,4,3,1,-,-,-,-,-,15
,,,Cooper Clubman A/T,"1,499",AT,G,48,"1,890",-,225/45 R17 94Y,136,"2,670",4266 x 1800 x 1441,-,4X2,FR,-,4,4,CBU,UK,-,-,5,1,-,2,5,-,-,-,-,-,13
,,,Cooper S Clubman A/T,"1,998",AT,G,48,"1,945",-,225/40 R18 92Y,192,"2,670",4266 x 1800 x 1441,-,4X2,FR,-,4,4,CBU,UK,-,-,5,7,-,2,5,-,-,-,-,-,19
,,,John Cooper Works ALL4 Clubman A/T,"1,998",AT,G,-,"2,070",-,225/35 R19 88Y,-,"2,670",4253 x 1800 x 1441,-,4X4,4WD,-,-,4,CBU,UK,-,-,-,-,-,-,-,-,-,-,-,-,-
,,,John Cooper Works ALL4 Clubman A/T,"1,998",AT,G,48,"2,040",-,225/40 R18 92Y,306,"2,670",4266 x 1800 x 1441,-,4X4,4WD,-,-,4,CBU,UK,-,-,1,2,-,2,2,1,-,-,-,-,8
,,,Cooper Convertible A/T,"1,499",AT,G,-,"1,695",-,205/45 R17 88W,-,"2,495",3821 x 1727 x 1415,-,4X2,FR,-,-,4,CBU,Germany,-,-,4,-,-,1,1,2,-,-,-,-,8
,,,Cooper S Convertible A/T,"1,998",AT,G,-,"1,745",-,205/45 R17 88W,-,"2,495",3850 x 1727 x 1415,-,4X2,FR,-,-,4,CBU,Germany,-,-,7,2,-,5,1,5,-,-,-,-,20
,,,John Cooper Works Convertible A/T,"1,998",AT,G,44,"1,795",-,205/40 R18 86W,231,"2,495",3874 x 1727 x 1415,-,4X2,FR,-,-,4,CBU,Germany,-,-,2,-,-,3,-,1,-,-,-,-,6
,,,John Cooper Works ALL4 A/T,"1,998",AT,G,-,"2,150",-,225/45 R19 92W,-,"2,670",4299 x 1822 x 1557,-,4X4,4WD,-,3,4,CBU,Germany,-,-,-,1,-,-,1,1,-,-,-,-,3
,,,TOTAL,,,,,,,,,,,,,,,,,,,-,-,89,52,16,39,49,34,-,-,53,12,344
10,PT. TJAHJA SAKTI MOTOR,PEUGEOT,New 3008 AT,"1,598",AT,G,60,"1,459",6,225/50 R17,163,"2,613",4.365 x 1.836 x 1.639,5,4X2,FF,-,5,4,CBU,Perancis,-,-,-,-,-,-,-,-,-,-,-,-,-
,,,New 5008 AT Allure,"1,598",AT,G,60,"1,459",6,215/50 R17,156,"2,727",4.529 x 2.118 x 1.644,7,4X2,FF,-,5,4,CBU,Malaysia,-,-,-,-,-,-,-,-,-,-,-,-,-
,,,TOTAL,,,,,,,,,,,,,,,,,,,-,-,-,-,-,-,-,-,-,-,-,-,-
13,PT. GAYA MAKMUR MOBIL,FAW,TRACTOR HEAD (FD420TH),"11,040",MT,D,500,"80,000",5,R20-12.00,420,450 + 13,7038 x 2490 x 3400,3,6X4,FR,84,2,10,CBU,China,-,-,10,-,-,-,-,-,10,-,-,-,20
,,,TRACTOR HEAD (FD460TH),"11,050",MT,D,400,"100,000",6,R20-12.00,460,310 + 13,6895 x 2500 x 3505,2,6X4,FR,85,2,10,CBU,China,-,-,-,-,-,-,-,-,-,-,-,17,17
,,,TRACTOR HEAD (FD550TH),"12,540",MT,D,600,"150,000",6,R20-12.00,550,300 + 13,6875 x 2500 x 3995,2,6X4,FR,95,2,10,CBU,China,-,-,-,-,-,-,-,6,-,-,-,-,6
,,,CHASSIS (DD130CG),"4,214",MT,D,80,"7,800",5,R16-750,130,"3,860",6860 x 2500 x 2600,2,4X4,4WD,90,2,6,CBU,China,-,-,-,-,-,10,-,-,-,-,-,-,10
,,,CHASSIS (FB240CG),"6,600",MT,D,300,"33,000",5,R20-11.00,240,885 + 13,11955 x 2500 x 3250,2,6X2,FR,85,2,10,CBU,China,-,-,-,-,-,-,-,-,-,-,-,-,-
,,,CHASSIS (FD290CG),"7,700",MT,D,300,"26,500",5,R20-11.00,290,885 + 13,11945 x 2485 x 3030,2,6X4,FR,85,2,10,CBU,China,-,-,-,-,-,-,-,-,-,-,-,12,12
,,,CHASSIS (FD280CG),"7,700",MT,D,300,"26,000",5,R20-10.00,280,865 + 13,11645 x 2470 x 2870,2,6X4,FR,85,2,10,CBU,China,-,-,-,-,-,5,5,-,-,-,-,-,10
,,,DUMP TRUCK (FD340DT),"9,726",MT,D,400,"25,000",6,R20-12.00,340,150 + 13,7843 x 2550 x 2550,2,6X4,FR,76,2,10,CBU,China,28,-,-,-,-,-,-,-,10,-,-,-,38
,,,DUMP TRUCK (HD360DT),"9,726",MT,D,400,"38,000",6,R20-12.00,360,+3700,10228 x 2490 x 3305,2,8X4,FR,74,2,12,CBU,China,-,-,-,-,-,-,-,-,-,-,-,-,-
,,,DUMP TRUCK (HD380DT),"9,726",MT,D,400,"31,000",6,R24-12.00,380,+3910,9563 x 2550 x 2550,2,8X4,FR,80,2,12,CBU,China,20,-,-,-,-,-,-,-,-,-,-,-,20
,,,DUMP TRUCK (FD280DT),"7,700",MT,D,300,"26,000",5,R20-10.00,280,200 + 13,8900 x 2490 x 2850,2,6X4,FR,83,2,10,CBU,China,-,-,-,-,-,-,-,-,10,-,-,-,10
,,,DUMP TRUCK (FD290DT),"7,700",MT,D,300,"26,500",5,R20-11.00,290,200 + 13,8945 x 2495 x 3240,2,6X4,FR,90,2,10,CBU,China,-,-,-,-,-,-,-,-,-,-,-,20,20
,,,MIXER TRUCK (FD280MT),"7,700",MT,D,300,"26,000",5,R20-10.00,280,500 + 13,8480 x 2468 x 3660,2,6X4,FR,83,2,10,CBU,China,-,-,-,-,-,15,-,-,-,-,-,-,15
,,,TOTAL,,,,,,,,,,,,,,,,,,,48,-,10,-,-,30,5,6,30,-,-,49,178
12,PT. ISUZU ASTRA MOTOR INDONESIA,ISUZU,D-MAX SC,"2,499",MT,D,76,"2,750","4,100",245/70/R16,109,"3,095","5,215 x 1,860 x 1,780",3,4X4,4WD,-,2,4,CBU,Thailand,-,5,19,20,17,-,64,-,-,-,-,10,135
,,,D-MAX DC,"2,499",MT,D,76,"2,750","4,100",245/70/R16,109,"3,095","5,190 x 1,860 x 1,785",5,4X4,4WD,-,4,4,CBU,Thailand,-,15,8,41,280,42,246,63,-,62,58,204,"1,019"
,,,D-MAX Rodeo MT,"2,499",MT,D,76,"2,750","4,300",245/70/R16,109,"3,095","5,190 x 1,860 x 1,785",5,4X4,4WD,-,4,4,CBU,Thailand,-,-,45,-,-,25,28,-,-,-,-,21,119
,,,D-MAX Rodeo AT,"2,999",AT,D,76,"2,750","3,909",255/65/R17,136,"3,095","5,295 x 1,860 x 1,795",5,4X4,4WD,-,4,4,CBU,Thailand,-,-,-,-,-,-,-,-,-,-,-,-,-
,,,MU-X RBD1,"2,499",AT,D,47,"2,540",-,-,-,-,-,7,4X2,-,-,5,4,CBU,Thailand,-,-,-,-,-,-,-,6,50,-,-,-,56
,,,MU-X RBD3,"2,499",MT,D,47,"2,540",-,-,-,-,-,7,4X4,-,-,5,4,CBU,Thailand,-,-,-,-,2,-,-,3,-,-,-,-,5
,,,MU-X 4X4,"2,499",-,D,47,"2,540",-,-,-,-,-,7,4X4,-,-,5,4,CBU,Thailand,1,10,34,20,11,1,-,6,-,30,30,71,214
,,,NPS 75,"4,570",MT,D,100,"8,250","5,857",7.50-15-14PR,125,"3,360","6,000x1,990x2,280",3,4X2,FR,102,2,6,CBU,Thailand,6,10,1,4,7,36,22,6,12,64,17,13,198
,,,TOTAL,,,,,,,,,,,,,,,,,,,7,40,107,85,317,104,360,84,62,156,105,319,"1,746"
13,PT. EUROKARS MOTOR INDONESIA,MAZDA,All-new Mazda 6 Elite,"2,488",AT,G,64,-,"4,056",225/45R19,187,"2,830",4865 x 1840 x 1450,5,4X2,FF,-,4,4,CBU,Japan,-,-,-,-,-,-,-,-,-,-,-,-,-
,,,New Mazda 6 Elite Sedan,"2,488",AT,G,64,-,"4,056",225/45R19,187,"2,830",4865 x 1840 x 1450,5,4X2,FF,-,4,4,CBU,Japan,3,3,-,-,-,-,-,24,10,2,2,3,47
,,,MX-5 RF,"1,999",AT,G,50,-,"3,863",205/45R17,160,"2,330",4020 x 1720 x 1255,2,4X2,FF,-,4,4,CBU,Japan,-,-,-,-,-,-,-,-,-,-,4,-,4
,,,Mazda 2 R AT IPM,"1,498",AT,G,43,-,"4,147",195/45R16,103,"2,490",3913 x 1695 x 1475,5,4X2,FF,-,5,4,CBU,Thailand,-,-,-,-,-,-,-,-,-,-,-,-,-
,,,Mazda 2 GT AT IPM,"1,498",AT,G,43,-,"4,147",195/45R16,103,"2,490",3913 x 1695 x 1475,5,4X2,FF,-,5,4,CBU,Thailand,-,31,36,16,4,33,32,32,13,1,-,10,208
,,,Mazda 2 Elite AT IPM,"1,498",AT,G,44,-,-,185/60R16,111,"2,570",4065 x 1695 x 1495,5,4X2,FF,-,5,4,CBU,Thailand,-,-,-,-,-,-,-,-,-,-,-,-,-
,,,New Mazda 2 Sedan,"1,496",AT,G,44,-,-,185/60R16,111,"2,570",4340 x 1695 x 1479,5,4X2,FF,-,4,4,CBU,Thailand,-,-,-,-,-,-,47,64,88,32,17,26,274
,,,New CX-3 Pro,"1,998",AT,G,48,-,-,215/50R18,149,"2,570",4275 x 1765 x 1535,5,4X2,FF,-,5,4,CBU,Japan,2,-,-,9,2,8,1,-,1,-,-,-,23
,,,New CX-3 Sport,"1,998",AT,G,48,-,-,215/50R18,149,"2,570",4275 x 1765 x 1535,5,4X2,FF,-,5,4,CBU,Japan,48,6,1,171,62,155,8,8,44,48,45,230,826
,,,All New Mazda 3 Hatchback,"1,998",AT,G,51,-,-,215/45R18,155,"2,725","4,460 x 1,795 x 1,435",5,4X2,FF,-,5,4,CBU,Japan,3,2,1,32,3,8,3,21,-,17,2,20,112
,,,All New Mazda 3 Sedan,"1,998",AT,G,51,-,-,215/45R18,155,"2,725","4,660 x 1,795 x 1,440",5,4X2,FF,-,5,4,CBU,Japan,-,-,-,4,-,1,3,1,5,14,-,9,37
,,,Mazda 6 Estate Elite,"2,488",AT,G,62,-,-,225/45R19,192,"2,750","4,800 x 1,840 x 1,480",5,4X2,FF,-,5,4,CBU,Japan,-,-,-,-,-,-,-,-,-,-,-,-,-
,,,New Mazda 6 Elite Estate,"2,488",AT,G,62,-,-,225/45R19,192,"2,750","4,800 x 1,840 x 1,480",5,4X2,FF,-,5,4,CBU,Japan,8,7,-,-,-,1,1,35,18,4,3,2,79
,,,New CX-5 GT,"2,488",AT,G,56,-,"4,325",225/55R19,187,"2,700",4540 x 1840 x 1710,5,4X2,FF,-,5,4,CBU,Malaysia,140,9,-,-,-,2,1,-,-,-,-,-,152
,,,New CX-5 Elite,"2,488",AT,G,56,-,-,225/55R19,190,"2,700",4550 x 1840 x 1680,5,4X2,FF,-,5,4,CBU,Japan,-,-,17,260,164,35,120,105,138,277,290,96,"1,502"
,,,CX-30 Touring,"1,998",AT,G,51,-,,215/55R18,155,"2,655",4395 x 1795 x 1540,5,4X2,FF,,5,4,CBU,Japan,-,-,-,-,-,-,-,-,-,-,-,-,-
,,,CX-30 GT,"1,998",AT,G,51,-,,215/55R18,155,"2,655",4395 x 1795 x 1540,5,4X2,FF,,5,4,CBU,Japan,1,-,1,43,-,61,35,43,18,10,-,1,213
,,,New CX-9,"2,488",AT,G,72,-,-,255/50R20,231,"2,930",5075 x 1969 x 1747,7,4X2,FF,-,5,4,CBU,Japan,3,-,10,34,1,1,15,3,5,12,22,11,117
,,,New CX-9 AWD,"2,488",AT,G,74,-,-,255/50R20,231,"2,930",5075 x 1969 x 1747,7,4X4,4WD,-,5,4,CBU,Japan,-,-,4,12,-,4,9,-,2,18,18,6,73
,,,CX-8 Touring,"2,488",AT,G,72,-,-,255/50R20,231,"2,930",5075 x 1969 x 1747,7,4X2,FF,-,5,4,CBU,Malaysia,-,-,-,-,-,-,-,-,-,-,-,-,-
,,,New CX-8 Elite,"2,488",AT,G,72,-,-,225/55R19,190,"2,930",4900 x 1840 x 1730,6,4X2,FF,-,5,4,CBU,Malaysia,-,-,-,-,-,-,65,26,6,19,1,4,121
,,,CX-8 Elite,"2,488",AT,G,72,-,-,255/50R20,231,"2,930",5075 x 1969 x 1747,7,4X2,FF,-,5,4,CBU,Malaysia,-,-,40,46,9,5,-,-,-,-,-,-,100
,,,TOTAL,,,,,,,,,,,,,,,,,,,208,58,110,627,245,314,340,362,348,454,404,418,"3,888"
14,PT. GARUDA MATARAM MOTOR,VOLKSWAGEN,Polo 1.2 GT TSI AT,"1,200",AT,G,-,-,-,-,-,-,-,5,4X2,FF,-,5,4,CBU,India,2,-,6,4,3,5,7,6,3,2,3,5,46
,,,T-Cross 1.0 TSI AT,999,AT,G,50,-,-,205/55 R17,115,"2,651","4,221X1,760X1,612",5,4X2,FF,-,5,4,CBU,India,-,-,2,-,-,-,-,5,5,3,3,-,18
,,,TOTAL,,,,,,,,,,,,,,,,,,,2,-,8,4,3,5,7,11,8,5,6,5,64
15,PT. GARUDA MATARAM MOTOR,AUDI,A5 2.0 TFSI,"1,984",AT,G,63,"1,465","3,778",255/35/R18,211,"2,810",4625 x 1884 x 1372,5,4X4,4WD,-,2,4,CBU,Germany,-,-,-,-,-,-,1,1,-,-,1,1,4
,,,A5 2.0 TFSI A/T SB,"1,984",AT,G,54,"1,490",-,245/40/R18,190,"2,824",4757 x 1843 x 1386,5,4X2,FF,241,5,4,CBU,Germany,-,-,1,-,-,-,-,2,1,-,-,2,6
,,,A6 2.0TFSI AT,"1,984",AT,G,65,"1,635","3,667",245/45/R18,180,"2,912",4915 x 1874 x 1455,5,4X2,FF,226,4,4,CBU,Germany,1,-,-,-,-,1,-,-,1,-,-,2,5
,,,Q3 1.4 TFSI A/T,"1,400",AT,G,64,-,-,-,-,-,-,5,4X4,4WD,250,4,4,CBU,Germany,-,-,-,3,-,-,-,-,-,1,-,1,5
,,,Q5 2.0 TFSI AT,"1,984",AT,G,75,"1,845","3,692",255/55/R19,225,"2,807",4629 x 1880 x 1653,5,4X4,4WD,222,4,4,CBU,Germany,-,-,-,2,1,5,-,-,2,1,-,3,14
,,,Q7 3.0 TFSI AT,"2,995",AT,G,100,"2,245","4,845",265/50/R19,272,"3,002",5089 x 2002 x 1695,7,4X4,4WD,222,4,4,CBU,Germany,-,-,-,-,-,-,-,-,1,-,-,1,2
,,,Q8 3.0 TFSI A/T,"2,995",AT,G,100,"2,245","4,845",265/50/R19,272,"3,002",5089 x 2002 x 1695,7,4X4,4WD,222,4,4,CBU,Germany,-,-,-,-,-,3,4,2,1,1,1,1,13
,,,RS4 2.9 TFSI A/T,"2,900",AT,G,58,-,-,-,-,-,-,5,4X4,4WD,-,5,4,CBU,Germany,-,-,-,2,-,1,1,-,-,-,-,-,4
,,,RS5 2.9 TFSI A/T,"2,900",AT,G,61,-,-,-,-,-,-,5,4X4,4WD,-,5,4,CBU,Germany,-,-,-,-,-,-,-,-,-,-,-,-,-
,,,TOTAL,,,,,,,,,,,,,,,,,,,1,-,1,7,1,10,6,5,6,3,2,11,53
16,PT. HYUNDAI MOTORS INDONESIA (HMID),HYUNDAI - HMID,Kona EV,-,AT,EV,-,"2,020",-,215/55/R17,-,"2,600",4180 x 1800 x 1570,5,4X4,-,-,5,4,CBU,South Korea,20,-,-,-,-,-,-,-,-,-,-,-,20
,,,Ioniq EV Prime,-,AT,EV,-,"1,970",-,205/60/R16,-,"2,700",4470 x 1820 x 1475,5,4X4,-,-,5,4,CBU,South Korea,-,-,4,-,-,-,-,-,-,-,-,-,4
,,,Ioniq EV Signature,-,AT,EV,-,"1,970",-,205/60/R16,-,"2,700",4470 x 1820 x 1475,5,4X4,-,-,5,4,CBU,South Korea,19,-,22,-,-,-,-,-,-,-,-,-,41
,,,Genesis G80 EV,-,AT,EV,-,"2,265",-,245/45/R19,-,"3,010",5005 x 1925 x 1475,5,4X2,-,-,5,4,CBU,South Korea,-,-,-,8,9,6,-,-,101,14,7,-,145
,,,Santa Fe D2.2 8DCT Prime,"2,200",AT,D,67,"2,550",-,235/60/18,202,"2,765",4785 x 1900 x 1710,5,4X4,FF,-,5,4,CBU,South Korea,15,-,-,-,-,-,-,-,-,-,-,-,15
,,,Santa Fe D2.2 8DCT Signature,"2,200",AT,D,67,"2,550",-,235/60/18,202,"2,765",4785 x 1900 x 1710,5,4X4,FF,-,5,4,CBU,South Korea,71,34,-,-,-,-,-,-,-,-,-,-,105
,,,Santa Fe G2.5 6AT Style,"2,500",AT,G,67,"2,510",-,235/60/18,180,"2,765",4785 x 1900 x 1710,5,4X4,FF,-,5,4,CBU,South Korea,-,-,-,-,-,-,-,-,-,-,-,-,-
,,,Santa Fe G2.5 6AT Prime,"2,500",AT,G,67,"2,510",-,235/60/18,180,"2,765",4785 x 1900 x 1710,5,4X4,FF,-,5,4,CBU,South Korea,5,-,-,-,-,-,-,-,-,-,-,-,5
,,,Santa Fe G2.5 6AT Signature,"2,500",AT,G,67,"2,510",-,235/60/18,180,"2,765",4785 x 1900 x 1710,5,4X4,FF,-,5,4,CBU,South Korea,23,2,4,-,-,-,-,-,-,-,-,-,29
,,,Palisade 2.2 CRDi,"2,200",AT,D,71,"2,670",-,245/50/20,200,"2,900",4980 x 1975 x 1750,7,4X4,FF,-,5,4,CBU,South Korea,136,227,95,427,151,2,179,79,120,40,60,-,"1,516"
,,,Palisade 2.2 CRDi AWD,"2,200",AT,D,71,"2,690",-,245/50/20,200,"2,900",4980 x 1975 x 1750,7,4X4,FF,-,5,4,CBU,South Korea,28,55,-,-,20,-,32,4,-,-,-,-,139
,,,Staria Signature 7,"2,200",AT,D,75,"2,930",-,235/55/18,177,"3,273",5253 x 1997 x 1990,7,4X4,FF,-,5,4,CBU,South Korea,48,32,13,2,-,-,-,-,-,-,-,-,95
,,,Staria Signature 9,"2,200",AT,D,75,"3,120",-,235/55/18,177,"3,273",5253 x 1997 x 1990,9,4X4,FF,-,5,4,CBU,South Korea,37,42,43,21,-,-,-,-,-,-,-,-,143
,,,TOTAL,,,,,,,,,,,,,,,,,,,402,392,181,458,180,8,211,83,221,54,67,-,"2,257"
17,PT. TATA MOTORS DISTRIBUSI  INDONESIA,TATA MOTOR,Intra V20 Ac,"1,396",MT,D,35,"2,320",4,165 R14 - 8 PR,70,"2,250",2450 x 1540 x 400,2,4X2,FR,80,2,4,CBU,India,-,-,-,-,18,15,-,-,-,-,-,-,33
,,,Intra V20 Non Ac,"1,396",MT,D,35,"2,300",4,165 R14 - 8 PR,70,"2,250",2450 x 1540 x 400,2,4X2,FR,80,2,4,CBU,India,-,-,-,-,-,-,-,-,-,9,9,-,18
,,,Prima Lx  2528.K,"6,700",MT,D,260,"25,000",6,10 x 20 - 16 PR NT,266,"4,570",7905 x 2500 x 3130,2,6X4,FR,100,2,10,CBU,India,-,42,-,-,-,-,-,29,-,-,-,-,71
,,,Prima 3338.K,"8,898",MT,D,260,"33,000",7,12R 24,380,"5,250",8488 x 2590 x 3232,2,8X4,FR,66,2,14,CBU,India,-,10,2,-,2,-,9,1,-,-,-,-,24
,,,Lpt 1412,"5,675",MT,D,160,"13,850",5,8.25R20 -16PR,125,"4,200",6096 x 2175 x 1835,2,4X2,FR,96,2,6,CBU,India,-,2,-,-,-,-,-,4,-,-,-,-,6
,,,TOTAL,,,,,,,,,,,,,,,,,,,-,54,2,-,20,15,9,34,-,9,9,-,152
18,PT. UNITED TRACTORS Tbk,SCANIA,P360CB-4X4,"13,000",MT,D,300,"24,500",5.14,12.00 R24,360,"5,100",10558 x 2500 x 3121,2,4X4,FF,9,2,4,CBU,Swedia,-,-,-,-,-,-,-,-,-,-,-,-,-
,,,P410CB-4X4,"13,000",MT,D,300,"24,500",5.14,14.00 R20,410,"4,500",8211 x 2500 x 3062,2,4X4,FF,6,2,4,CBU,Swedia,-,-,-,-,-,-,-,-,-,-,-,-,-
,,,TOTAL,,,,,,,,,,,,,,,,,,,-,-,-,-,-,-,-,-,-,-,-,-,-
19,PT. ASTRA INTERNATIONAL UD TRUCKS SALES OPERATION,UD TRUCK,CKE25042R,"7,698",MT,D,315,"21,000","5,570","11,00-20-16PR",250,"5,200","8,975 x 2,500 x 3,220",3,4X2,FR,90,2,6,CBU,Thailand,-,20,12,-,-,-,13,13,29,5,2,-,94
,,,CGE37084R,"10,837",MT,D,405,"41,000","6,370","11,00-20-16PR",370,"6,970","11,324 x 2,500 x 3,252",3,8X4,FR,90,2,12,CBU,Thailand,2,2,-,12,-,-,-,-,-,5,2,-,23
,,,RKE15042R,"3,760",MT,D,100,"8,500","4,800","7,50-16-14PR",150,"3,350","6,258 x 2,206 x 2,540",3,4X2,FR,90,2,6,CBU,India,52,72,36,36,88,46,-,-,-,-,-,-,330
,,,TOTAL,,,,,,,,,,,,,,,,,,,54,94,48,48,88,46,13,13,29,10,4,-,447
20,PT. HINO MOTORS SALES INDONESIA,HINO,ZY - HR,"12,913",MT,D,330,"50,000",STD 5.41,12.00 R24,410,0+3750+,9290 x 2545 x 3205,2,8X4,FR,99,2,12,CBU,Japan,-,-,40,28,20,-,22,36,11,29,30,-,216
,,,ZS4141,"12,913",MT,D,330,"41,000",STD 7.21,12.00 R24,410,145+15,8245 x 2545 x 3205,2,6X4,FR,75,2,10,CBU,Japan,-,10,-,-,12,-,24,20,3,19,32,-,120
,,,SS1E,"12,913",MT,D,330,-,7.21,12.00 R24,410,145+15,8245 x 2545 x 3205,2,6X4,FR,-,2,-,CBU,Japan,-,-,-,-,-,-,-,-,-,-,-,-,-
,,,SV1E,"12,913",MT,D,330,-,7.21,12.00 R24,410,145+15,8245 x 2545 x 3205,2,6X4,FR,75,2,10,CBU,Japan,-,-,-,-,25,-,-,-,-,-,-,-,25
,,,TOTAL,,,,,,,,,,,,,,,,,,,-,10,40,28,57,-,46,56,14,48,62,-,361
21,PT. KERETA INDO ARTA,KIA,Seltos,"1,353",AT,G,55,"1,705",,215/60 R17,140/6000,"2,610",4315 x 1800 x 1620,5,4X2,FF,7,5,4,CBU,India,24,57,14,1,13,5,21,39,33,39,-,1,247
,,,Seltos CRDi,"1,353",AT,G,55,"1,705",,215/60 R17,140/6000,"2,610",4315 x 1800 x 1620,5,4X2,FF,7,5,4,CBU,India,-,-,21,-,8,1,-,-,-,-,-,-,30
,,,K-2700 BIG-UP Chs,"2,665",MT,D,70,"2,950","4,444",195 R14,58.5/4.150 (kW/rpm),"2,415",4820 x 1790 x 2070,3,4X2,FR,-,2,4,CBU,Korea,1,-,-,-,-,-,-,-,-,-,-,-,1
,,,K-2700 BIG-UP Box,"2,665",MT,D,70,"2,950","4,444",195 R14,58.5/4.150 (kW/rpm),"2,415",4820 x 1790 x 2070,3,4X2,FR,-,2,4,CBU,India,-,-,-,-,-,-,-,-,-,-,-,-,-
,,,Sonet Premiere,"1,500",AT,G,55,"1,705",-,215/60 R17,140/6000,"2,610",4315 x 1800 x 1620,5,4X2,FF,7,5,4,CBU,India,88,10,67,110,99,63,137,216,241,241,50,66,"1,388"
,,,Sonet Premiere,"1,500",MT,G,55,"1,705",-,215/60 R17,140/6000,"2,610",4315 x 1800 x 1620,5,4X2,FF,7,5,4,CBU,Korea,-,-,-,-,-,-,-,-,-,-,-,-,-
,,,Grand Carnival,"2,151",AT,D,80,-,-,235/60 R18,202/3800,"3,090",5115 x 1995 x 1750,11,4X2,FF,8,5,4,CBU,Korea,-,-,1,-,-,-,-,-,-,-,-,-,1
,,,Grand Carnival,"2,151",AT,D,80,-,-,235/60 R18,202/3800,"3,090",5115 x 1995 x 1750,11,4X2,FF,8,5,4,CBU,Korea,-,-,32,80,14,22,38,2,17,22,2,16,245
,,,Carens,"1,353",AT,G,80,"2,960","3,195",235/60 R18,270/6400,"3,090",5155 x 2000 x 1785,11,4X2,FF,8,5,4,CBU,Korea,-,-,-,-,-,-,-,-,30,3,1,-,34
,,,Carens,"1,497",AT,G,80,"2,960","3,195",235/60 R18,202/3800,"3,090",5155 x 2000 x 1785,11,4X2,FF,8,5,4,CBU,Korea,-,-,-,-,-,-,-,33,3,84,-,20,140
,,,TOTAL,,,,,,,,,,,,,,,,,,,113,67,135,191,134,91,196,290,324,389,53,103,"2,086"
22,PT DAIMLER COMMERCIAL VEHICLES INDONESIA,MERSEDES-BENZ CV,Axor 1623 C,"6,373",MT,D,260,"16,000",6.700 - 0.730,"10.00 - 20, Tube-type",231,"3,600",6230 x 2490 x 2955,2,4X2,FR,90,2,4,CBU,India,-,-,25,-,-,-,-,-,-,-,-,-,25
,,,Axor 1623 C (4x2) MT [E4],"6,373",MT,D,240,"16,000",6.700 - 0.730,"10.00 - 20, Tube-type",238,"3,600",6230 x 2490 x 2955,2,4X2,FR,90,2,4,CBU,INDIA,-,-,-,-,-,-,1,-,-,4,-,-,5
,,,Axor 1623 R / 51,"6,373",MT,D,255,"16,000",6.700 - 0.730,"10.00 - 20, Tube-type",231,"5,100",9130 x 2490 x 2910,2,4X2,FR,90,2,4,CBU,India,-,4,1,-,-,-,-,-,-,-,-,-,5
,,,Axor 1623 R / 51 [E4],"6,373",MT,D,240,"16,000",6.700 - 0.730,"10.00 - 20, Tube-type",238,"5,100",9130 x 2490 x 2910,2,4X2,FR,90,2,4,CBU,INDIA,-,-,-,-,-,-,1,-,-,-,-,-,1
,,,Axor 1623 R / 60,"6,373",MT,D,255,"16,000",6.700 - 0.730,"10.00 - 20, Tube-type",231,"6,000",10475 x 2490 x 2910,2,4X2,FR,90,2,4,CBU,India,-,7,13,-,-,-,-,-,-,-,-,-,20
,,,Axor 1623 R / 60 [E4],"6,373",MT,D,240,"16,000",6.700 - 0.730,"10.00 - 20, Tube-type",238,"6,000",10475 x 2490 x 2910,2,4X2,FR,90,2,4,CBU,INDIA,-,-,-,-,-,-,1,-,-,-,8,5,14
,,,Actros 2636 LS [E5],"12,816",AT,D,290 + 430,"26,000",14.930 - 1.00,295/80 R 22.5,360,"3,900",7550 x 2500 x 3936,2,6X4,FR,85,2,6,CBU,Germany,-,-,-,-,-,-,-,-,-,-,1,3,4
,,,Actros 2636 LSDNA,"12,816",AT,D,390 + 390,"26,000",14.930 - 1.00,295/80 R 22.5,360,"3,300",6950 x 2500 x 3936,2,6X2,FR,85,2,6,CBU,Germany,-,-,-,-,1,-,-,-,-,-,-,-,1
,,,Arocs 2545 A,"12,816",AT,D,390,"25,000",11.722 - 0.68,325/95 R 24,449,"4,500",8150 x 2500 x 3746,2,4X4,FA,85,2,4,CBU,Germany,-,-,-,-,3,-,-,-,-,-,-,-,3
,,,Arocs 4040 K,"12,816",AT,D,390,"40,000",11.722 - 0.68,325/95 R 24,394,"4,150",8250 x 2500 x 3847,2,6X4,FR,85,2,6,CBU,Germany,15,63,74,-,5,-,-,-,-,-,-,-,157
,,,Arocs 4042 K [E5],"12,816",AT,D,390,"40,000",11.722 - 0.68,325/95 R 24,394,"4,150",8250 x 2500 x 3847,2,6X4,FR,85,2,6,CBU,Germany,-,-,-,-,-,-,-,-,-,-,15,19,34
,,,Arocs 4045 AK,"12,816",AT,D,390,"40,000",11.722 - 0.68,325/95 R 24,449,"4,450",8250 x 2500 x 3952,2,6X6,FA,85,2,6,CBU,Germany,5,8,35,-,-,-,-,-,-,-,-,-,48
,,,Arocs 4045 AK [E5],"12,809",AT,D,390,"40,000",11.722 - 0.68,325/95 R 24,449,"4,450",8525 x 2500 x 3939,2,6X6,FA,90,2,6,CBU,Germany,-,-,-,-,-,-,-,-,-,-,-,7,7
,,,Arocs 4045 AS [E5],"12,809",AT,D,390,"40,000",11.722 - 0.68,325/95 R 24,449,"3,850",7713 X 2500 X 3939,2,6X6,FA,90,2,6,CBU,Germany,-,-,-,-,-,-,-,-,-,-,-,1,1
,,,Actros 4843 K,"11,946",AT,D,400,"48,000",11.722 - 0.68,325/95 R 24,428,"5,480",9288 x 2487 x 3345,2,8X4,FR,85,2,8,CBU,Germany,-,-,-,-,-,-,-,-,-,-,-,-,-
,,,Arocs 4845 K,"12,816",AT,D,390,"48,000",11.722 - 0.68,325/95 R 24,449,"5,700",9960 x 2500 x 3905,2,8X4,FR,85,2,8,CBU,Germany,8,25,122,-,1,-,-,-,-,-,-,-,156
,,,Arocs 4845 K [E5],"12,816",AT,D,390,"48,000",11.722 - 0.68,325/95 R 24,449,"5,700",9960 x 2500 x 3905,2,8X4,FR,85,2,8,CBU,Germany,-,-,-,-,-,-,-,-,-,-,7,18,25
,,,Axor 2523 R / 45,"6,373",MT,D,380,"25,000",6.700 - 0.730,"10.00 R 20, Tube-type",231,"4,500",9867 x 2490 x 2935,2,6X2,FR,90,2,6,CBU,India,-,-,-,-,-,-,-,-,-,-,-,-,-
,,,Axor 2523 R / 4500 (Bogie),"6,373",MT,D,380,"25,000",6.700 - 0.730,"10.00 R 20, Tube-type",231,"4,500",9867 x 2490 x 2935,2,6X2,FR,90,2,6,CBU,India,-,4,2,-,-,-,-,-,-,-,-,-,6
,,,Axor 2523 R / 4500 [E4],"6,373",MT,D,355,"26,500",6.700 - 0.730,"11.00 - 20, Tube-type",238,"4,500",9867 x 2490 x 3100,2,6x2,FR,90,2,6,CBU,INDIA,-,-,-,-,-,-,1,-,-,-,-,-,1
,,,Axor 2523 R / 57,"6,373",MT,D,380,"25,000",6.700 - 0.730,"10.00 R 20, Tube-type",231,"5,700",12000 x 2490 x 2935,2,6X2,FR,90,2,6,CBU,India,-,-,-,-,-,-,-,-,-,-,-,-,-
,,,Axor 2523 R / 5700 (Bogie),"6,373",MT,D,380,"25,000",6.700 - 0.730,"10.00 R 20, Tube-type",231,"5,700",12000 x 2490 x 2935,2,6X2,FR,90,2,6,CBU,India,-,6,10,-,-,-,-,-,-,-,-,-,16
,,,Axor 2523 R / 5700 [E4],"6,373",MT,D,355,"26,500",6.700 - 0.730,"11.00 - 20, Tube-type",238,"5,700",12000 x 2490 x 3100,2,6x2,FR,90,2,6,CBU,INDIA,-,-,-,-,-,-,37,24,-,-,-,-,61
,,,Axor 2528 R,"6,373",MT,D,380,"25,000",14.573 - 1.00,"10.00 R 20, Tube-type",380,"5,700",12000 x 2490 x 2955,2,6x2,FR,90,2,6,CKD,INDONESIA,-,-,-,-,-,-,-,-,-,-,-,-,-
,,,Axor 2528 R / 5700 (6X2) M/T [E4],"6,373",MT,D,355,"26,500",14.573 - 1.00,"11.00 - 20, Tube-type",285,"5,700",12000 x 2490 x 3100,2,6x2,FR,90,2,6,CBU,INDIA,-,-,-,-,-,-,1,-,-,1,-,-,2
,,,Axor 2528 R / 5700 (6X4) M/T [E4],"6,373",MT,D,355,"26,500",14.573 - 1.00,"11.00 - 20, Tube-type",285,"5,700",12000 x 2490 x 3100,2,6x4,FR,90,2,6,CBU,INDIA,-,-,-,-,-,-,1,-,-,1,-,-,2
,,,Axor 2528 R / 5700 (Bogie),"6,373",MT,D,380,"25,000",14.573 - 1.00,"10.00 R 20, Tube-type",380,"5,700",12000 x 2490 x 2935,2,6X2,FR,90,2,6,CBU,India,-,9,33,-,-,-,-,-,-,-,-,-,42
,,,Axor 2528 CH,"6,373",MT,D,255,"26,500",14.573 - 1.00,"11.00 - 20, Tube-type",280,"4,200",7840 x 2490 x 2990,2,6X4,FR,60,2,6,CBU,India,41,160,581,-,7,-,-,-,-,11,-,-,800
,,,Axor 2528 CH [E4],"6,373",MT,D,265,"26,500",14.573 - 1.00,"11.00 - 20, Tube-type",285,"4,200",7840 x 2490 x 2990,2,6X4,FR,60,2,6,CBU,INDIA,-,-,-,-,-,-,1,-,-,-,-,22,23
,,,Axor 3336 K,"11,970",AT,D,330,"33,500 technical",11.639 - 0.77,"315/80 R 22.5, Tubeless",354,"4,080",7755 x 2490 x 3232,2,6X4,FR,80,2,6,CBU,India,-,20,27,-,13,-,-,-,-,-,-,-,60
,,,Axor 3128 CM,"6,373",MT,D,240,"31,000",14.573 - 1.00,"12 R 20, Tube-type",280,"4,500",8060 x 2490 x 2785,2,8X4,FR,60,2,8,CBU,India,-,-,-,-,-,-,-,-,-,-,-,-,-
,,,Axor 4843 K,"11,970",AT,D,330,"48,000 technical",11.639 - 0.77,"12.00 R 24, Tube-type",428,"5,380",9425 x 2490 x 3490,2,8X4,FR,80,2,8,CBU,India,-,20,39,-,1,-,-,-,-,-,-,-,60
,,,Actros 3351 S,"12,816",AT,D,290 + 290,"33,000",11.722 - 0.68,315/80 R 22.5,510,"3,600",7267 x 2482 x 3711,2,6X4,FR,85,2,6,CBU,Germany,-,1,1,-,-,-,-,-,-,-,-,-,2
,,,OF 917 MT (WB 4250),"3,900",MT,D,200,"10,400",5.400 - 0.711,235/75 R 17.5,170,"4,250",7447 x 2199,-,4X2,FR,110,-,4,CBU,India,-,6,20,28,-,-,-,-,-,-,-,-,54
,,,OF 917 (4X2) 4250 M/T [E4],"3,900",MT,D,200,"10,400",5.400 - 0.711,235/75 R 17.5,170,"4,250",7447 x 2199,-,4X2,FR,110,-,4,CBU,India,-,-,-,-,-,-,-,-,1,-,-,-,1
,,,OF 917 MT (WB 5300),"3,900",MT,D,200,"10,400",5.400 - 0.711,235/75 R 17.5,170,"5,300",8606 x 2199,-,4X2,FR,110,-,4,CBU,India,-,7,28,22,-,-,-,-,-,-,-,-,57
,,,OF 917 AT (WB 5300),"3,900",AT,D,200,"10,400",3.100 - 0.610,235/75 R 17.5,170,"5,300",8606 x 2199,-,4X2,FR,110,-,4,CBU,India,-,-,-,-,-,-,-,-,-,-,-,-,-
,,,OF 917 (4X2) 5300 M/T [E4],"3,900",MT,D,200,"10,400",5.400 - 0.711,235/75 R 17.5,170,"5,300",8606 x 2199,-,4X2,FR,110,-,4,CBU,INDIA,-,-,-,-,-,-,1,-,1,-,-,-,2
,,,OF 1623,"6,374",MT,D,380,"16,000",6.700 - 0.730,11.00 R 22.5,235,"5,950",11650 x 2480,-,4X2,FR,110,-,4,CBU,India,-,-,-,-,-,-,-,-,-,-,-,-,-
,,,O 500 U 1626 AT [E5],"6,374",MT,D,380,"16,000",6.700 - 0.730,11.00 R 22.5,235,"5,950",11650 x 2480,-,4X2,FR,110,-,4,CBU,India,-,-,-,-,-,-,-,-,-,-,1,1,2
,,,TOTAL,,,,,,,,,,,,,,,,,,,69,340,"1,011",50,31,-,45,24,2,17,32,76,"1,697"
23,PT MERSEDES-BENZ INDONESIA,MERSEDES-BENZ PC,CLA200AMG Line (C118),"1,332",AT,G,43,"1,950",7,225/45 R18,163,"2,729","4,695 x 1,999 x 1430",5,4X2,FF,-,4,4,CBU,-,-,-,9,1,14,3,21,16,9,4,-,3,80
,,,AMG CLA 45 S (C118),-,-,-,-,-,-,-,-,-,-,5,4X4,FF,-,4,4,CBU,-,-,-,19,2,1,4,11,3,1,2,2,2,47
,,,CLS 350 AMG,"1,991",AT,G,66,"2,410",9,"245/35, 275/30 R20",299,"2,939","4,996 x 2,069 x 1,436",5,4X2,FR,-,4,4,CBU,-,-,-,-,-,5,1,-,1,5,5,1,-,18
,,,E 200 Coupe  (C238)*,"2,999",AT,G,-,-,-,-,-,-,-,-,4X4,4WD,-,-,-,CBU,-,-,-,-,-,-,-,-,-,-,2,-,-,2
,,,AMG GT Black Series,"3,982",AT,G,-,-,-,-,-,-,-,-,-,-,-,2,4,CBU,-,-,2,-,-,-,-,-,-,-,-,-,-,2
,,,AMG GT 53 4MATIC+ (X290)*,"2,999",AT,G,-,-,-,-,-,-,-,4,4X4,4WD,-,4,4,CBU,-,-,-,1,-,1,2,3,3,1,4,1,-,16
,,,Maybach S 580 (Z223)*,-,AT,G,-,-,-,-,-,-,-,4,4X4,4WD,-,4,4,CBU,-,-,-,-,-,-,-,5,3,1,1,-,-,10
,,,EQS 450+ (V297),-,AT,EV,-,-,-,-,-,-,-,4,4X2,FR,-,4,4,CBU,-,-,-,-,-,-,-,-,-,-,2,5,5,12
,,,AMG CLA 45 S Shooting Brake (X118),-,-,-,-,-,-,-,-,-,-,-,-,-,-,4,4,CBU,-,-,-,4,3,-,-,-,1,-,-,1,-,9
,,,GLC 300 Coupe,"1,991",AT,G,66,"2,430",9,"235/55, 255/50 R19",245,"2,873","4,729 x 2,096 x 1,586",5,4X4,4WD,-,5,4,CBU,-,1,-,-,2,1,2,-,-,1,2,-,1,10
,,,AMG G 63,"3,982",AT,G,100,"3,200",9,-,585,"2,890","4,873 x 2,187 x 1,969",5,4X4,4WD,-,5,4,CBU,-,-,-,-,4,3,4,1,3,5,1,-,-,21
,,,GLB 200 Progressive Line ( X247),"1,332",AT,G,-,-,-,-,-,-,-,7,4X2,FR,-,-,-,CBU,-,12,-,-,46,49,11,10,48,4,3,9,-,192
,,,GLS 600 Maybach (X167),-,AT,G,-,-,-,-,-,-,-,5,4X4,-,-,5,4,CBU,-,-,-,3,2,2,-,-,1,-,-,-,2,10
,,,GLE 450 Coupe 4MATIC AMG Line (C167)*,"2,999",AT,G,-,-,-,-,-,-,-,4,4X2,FR,-,-,-,CBU,-,-,-,-,-,-,2,-,-,-,-,-,-,2
,,,AMG GLE 53 Coupe 4MATIC+ (C167)*,"2,999",AT,G,-,-,-,-,-,-,-,4,4X4,4WD,-,-,-,CBU,-,-,-,-,4,3,2,6,3,4,-,-,-,22
,,,V Klass,"1,991",AT,G,-,"2,940",-,-,-,-,-,-,-,-,-,5,-,CBU,Spain,-,-,-,-,-,-,-,-,-,6,24,8,38
,,,V 220,"2,143",-,-,-,-,-,-,-,-,-,-,-,-,-,-,-,CBU,Spain,-,-,-,-,-,-,-,-,-,-,-,-,-
,,,SPRINTER,"2,143",MT,G,-,"5,300",-,-,-,-,-,-,4X2,-,-,4,-,CBU,Spain,26,8,2,-,-,-,-,-,-,-,-,-,36
,,,TOTAL,,,,,,,,,,,,,,,,,,,39,10,38,64,79,31,57,82,31,32,43,21,527
24,PT. SAIC MOTOR INDONESIA,MORREIS GARAGE,ZS Activate 1.5L CVT,"1,498",AT,G,48,"1,258",-,215/60 R16,114,"2,585",4323 x 1809 x 1628,5,4X2,FF,4,5,4,CBU,Thailand,-,-,-,-,-,11,-,-,-,-,-,9,20
,,,ZS Ignite 1.5L CVT,"1,498",AT,G,48,"1,258",-,215/60 R16,114,"2,585",4323 x 1809 x 1653,5,4X2,FF,4,5,4,CBU,Thailand,20,-,-,-,-,7,-,-,-,-,-,20,47
,,,ZS Magnify 1.5L CVT,"1,498",AT,G,48,"1,258",-,215/55 R17,114,"2,585",4323 x 1809 x 1653,5,4X2,FF,4,5,4,CBU,Thailand,193,7,-,-,-,30,-,-,-,-,-,211,441
,,,HS Excite,"1,490",AT,G,55,"1,510",-,215/60 R17,162,"2,720",4574 x 1876 x 1664,5,4X2,FF,7,5,4,CBU,Thailand,-,-,-,-,-,-,-,-,-,-,-,-,-
,,,HS Ignite,"1,490",AT,G,55,"1,510",-,235/50 R18,162,"2,720",4574 x 1876 x 1664,5,4X2,FF,7,5,4,CBU,Thailand,-,-,-,21,48,27,12,-,-,-,-,-,108
,,,HS i-Smart Magnify,"1,490",AT,G,55,"1,510",-,235/50 R18,162,"2,720",4574 x 1876 x 1664,5,4X2,FF,7,5,4,CBU,Thailand,-,-,-,-,-,-,75,26,75,11,1,-,188
,,,5 GT Activate 1.5L,"1,498",CVT,G,45,"1,233",-,205/55 R16,114,"2,680",4675 x 1842 x 1473,5,4X2,FF,8,5,4,CBU,Thailand,-,-,-,-,-,-,-,-,20,-,-,-,20
,,,5 GT Ignite 1.5L,"1,498",CVT,G,45,"1,233",-,215/50 R17,114,"2,680",4675 x 1842 x 1473,5,4X2,FF,8,5,4,CBU,Thailand,-,-,-,-,-,40,18,62,30,-,30,10,190
,,,5 GT Magnify 1.5L,"1,498",CVT,G,45,"1,233",-,215/50 R17,114,"2,680",4675 x 1842 x 1480,5,4X2,FF,8,5,4,CBU,Thailand,-,-,-,-,2,-,-,-,100,81,49,4,236
,,,TOTAL,,,,,,,,,,,,,,,,,,,213,7,-,21,50,115,105,88,225,92,80,254,"1,250"
25,PT. SOKONINDO AUTOMOBILE,DFSK,GELORA C36 MINI BUS 1.5 (4X2) M/T,"1,498",MT,G,55,-,-,185/80 R14,109,"3,050",4500 X 1680 X 2000,11,4X2,FR,-,4,4,CBU,China,-,-,-,-,-,-,-,-,-,-,-,10,10
,,,GELORA EC35 BLIND VAN (4X2) A/T,"1,498",AT,G,58,"2,035",-,225/60R17,150,"2,780",4680 X 1845 X 1715,7,4X2,FF,-,4,4,CBU,China,-,-,-,-,-,-,-,-,-,-,4,-,4
,,,GELORA EC36 MINI BUS 1.5 (4X2) A/T,"1,498",AT,G,58,"2,035",-,225/60R17,150,"2,780",4680 X 1845 X 1715,7,4X2,FF,-,4,4,CBU,China,-,-,-,-,-,-,-,-,-,-,2,-,2
,,,TOTAL,,,,,,,,,,,,,,,,,,,-,-,-,-,-,-,-,-,-,-,6,10,16
26,PT. NISSAN MOTOR INDONESIA,INFINITI,QX70 3.7,"3,696",AT,G,-,"1,940",-,-,-,-,-,-,4X4,AWD,-,5,4,CBU,UK,-,-,-,-,-,-,-,-,-,-,-,-,-
,,,Q50 3.5 Hybrid,"3,498",AT,G,-,-,-,-,-,-,-,-,4X2,FR,-,4,4,CBU,UK,-,-,-,-,-,-,-,-,-,-,-,-,-
,,,TOTAL,,,,,,,,,,,,,,,,,,,-,-,-,-,-,-,-,-,-,-,-,-,-
27,PT. NISSAN MOTOR INDONESIA,NISSAN,New X-Trail Hybrid 2.0 CVT,"1,997",CVT,G,-,"1,820",-,-,-,-,-,5,4X2,-,-,5,4,CBU,Japan,-,-,-,-,-,-,-,-,-,-,-,-,-
,,,Elgrand 2.5L (3 Row leather),"2,489",CVT,G,-,"2,410",-,225 / 55 / R18,"170 / 5,600","3,000","4,915 x 1,850 x 1,815",-,4X2,-,-,5,4,CBU,Japan,-,-,-,-,-,-,-,-,-,-,-,-,-
,,,TOTAL,,,,,,,,,,,,,,,,,,,-,-,-,-,-,-,-,-,-,-,-,-,-
28,PT. PLAZA AUTO MEGA,SUBARU,BRZ 2.0 MT (ZD8),"2,387",AT,G,63,"1,670",-,215/40 R18,237,"2,575","4,265 x 1,775 x 1,310",4,4X2,FR,-,2,4,CBU,Japan,-,-,-,-,-,-,-,2,1,2,4,4,13
,,,BRZ 2.0 AT (ZD8),"2,387",AT,G,63,"1,700",-,215/40 R18,237,"2,575","4,265 x 1,775 x 1,310",4,4X2,FR,-,2,4,CBU,Japan,-,-,-,-,-,-,-,4,1,7,3,-,15
,,,XV 2.0i-S (GT7),"1,999",CVT,G,63,"1,940",-,225/55 R18,154,"2,665","4,485 x 1,800 x 1,615",5,4X4,4WD,-,4,4,CBU,Japan,-,-,-,-,-,-,-,15,3,2,3,3,26
,,,XV 2.0i-S ES (GT7),"1,999",CVT,G,63,"1,940",-,225/55 R18,154,"2,665","4,485 x 1,800 x 1,615",5,4X4,4WD,-,4,4,CBU,Japan,-,-,-,-,-,-,-,27,7,4,9,-,47
,,,Forester 2.0i-L (SK7),"1,999",CVT,"G
G","63
63","2,223",-,225/60 R17,154,"2,670","4,640 x 1,815 x 1,730",5,4X4,4WD,-,4,4,CBU,Japan,-,-,-,-,-,-,10,5,5,1,-,-,21
,,,Forester 2.0i-S ES (SK7),"1,999",CVT,,,"2,223",-,225/55 R18,154,"2,670","4,640 x 1,815 x 1,730",5,4X4,4WD,-,4,4,CBU,Japan,-,-,-,-,-,-,24,15,19,10,15,16,99
,,,TOTAL,,,,,,,,,,,,,,,,,,,-,-,-,-,-,-,34,68,36,26,34,23,221
29,PT. CHERY MOTOR INDONESIA,CHERY,,,,,,,,,,,,,,,,,,,,-,-,-,-,-,-,-,-,-,-,-,-,-
,,,,,,,,,,,,,,,,,,,,,,-,-,-,-,-,-,-,-,-,-,-,-,-
,,,TOTAL,,,,,,,,,,,,,,,,,,,-,-,-,-,-,-,-,-,-,-,-,-,-
,,,,,,,,,,,,,,,,,,,,,,,,,,,,,,,,,,
"TOTAL CBU IMPORT
CUMULATIVE CBU IMPORT",,,,,,,,,,,,,,,,,,,,,,"3,867","4,888","8,820","4,302","4,388","5,868","9,726","8,505","8,756","8,527","6,691","8,960","83,298"
,,,,,,,,,,,,,,,,,,,,,,"3,867","8,755","17,575","21,877","26,265","32,133","41,859","50,364","59,120","67,647","74,338","83,298",
