1   SEDAN TYPE SALES                                                                                                                                         `JAN-DEC 2023,,,,,,,,,,,,,,,,,,,,,,,,,,,,,,,,,,,,
CATEGORY,,SPECIFICATION,,,,,,,,,,,,,,,,,,,,MONTH,,,,,,,,,,,,SHARE BY BRAND,MARKET SHARE,TOTAL 2023
,,BRAND,TYPE MODEL,CC,TRANS,FUEL,"TANK
CAPT","GVW
(Kg)",GEAR RATIO,WHEEL & TYRE SIZE,PS / HP,WHEEL BASE,"DIMENSION
P x L xT",SEATER,DRIVE SYS.,,SPEED,DOOR,WHEELS,"CBU
/ CKD","ORIGIN
COUNTRY",JAN,FEB,MAR,APR,MAY,JUN,JUL,AUG,SEP,OCT,NOV,DEC,,,
SEDAN TYPE,CC < 1.500 [G/D],HONDA,All  New City,1497,CVT,G,40,-,-,16 x 6J,120,2600,4442 x 1694 x 1477,5,4X2,FF,-,4,4,CBU,Thailand,13,49,42,51,25,-,-,-,-,82,34,4,8.7%,3.1%,300
,,,All  New Civic,1500,CVT,G,57,1285,-,-,141,2700,4542 x 1755 x 1435,5,4X2,FF,-,4,4,CBU,Thailand,17,172,104,62,117,92,94,98,75,87,172,109,34.9%,12.5%,1199
,,BMW,i7 xDrive60 Limousine RHD AT,-,AT,BEV,-,3250,-,55/45 R20 105Y; 285/40 R20 10,544,3215,5181 x 2000 x 1835,-,4X4,4WD,-,-,4,CBU,Germany,-,-,-,-,-,-,-,-,62,28,29,15,3.9%,1.4%,134
,,,CBU i4 eDrive35 Gran Coupe AT,-,AT,BEV,-,2545,-,245/40 R19 98Y; 255/40 R19 100,286,2856,4.783 x 1.882 x 1.44,5,4X2,RR,-,5,4,CBU,Germany,-,-,-,-,-,-,-,-,-,-,-,-,0%,0%,-
,,HYUNDAI HMID,Ioniq EV Prime,-,AT,BEV,-,1970,-,205/60/R16,-,2700,4470 x 1820 x 1475,5,4X2,-,-,5,4,CBU,South Kore,-,-,-,-,-,-,-,-,-,4,3,-,0.2%,0.1%,7
,,,Ioniq EV Signature,-,AT,BEV,-,1970,-,205/60/R16,-,2700,4470 x 1820 x 1475,5,4X2,-,-,5,4,CBU,South Kore,-,-,-,-,-,-,-,-,-,3,-,-,0.1%,0%,3
,,,Ioniq 6,-,AT,BEV,-,1970,-,205/60/R16,-,2700,4470 x 1820 x 1475,5,4X2,-,-,5,4,CBU,South Kore,-,-,-,-,-,-,93,61,10,74,22,3,7.7%,2.7%,263
,,,Genesis G80 EV,-,AT,BEV,-,2265,-,245/45/R19,-,3010,5005 x 1925 x 1475,5,4X2,-,-,5,4,CBU,South Kore,-,-,-,-,1,-,-,-,-,4,-,11,0.5%,0.2%,16
,,MERCEDES BENZ PC,CLA 200 AMG Line (C118),1332,AT,G,43,1950,7,225/45 R18,163,2729,"4,695 x 1,999 x 1430",5,4X2,FF,-,4,4,CBU,-,4,1,14,4,-,7,-,2,-,19,2,1,1.6%,0.6%,54
,,,AMG CLA 45 S (C118),1332,AT,G,43,1950,7,225/45 R18,163,2729,"4,695 x 1,999 x 1430",5,4X4,AWD,-,4,4,CBU,-,2,1,6,3,1,-,2,1,1,2,12,-,0.9%,0.3%,31
,,,C 200 AVA Line (W206),1496,AT,G,66,-,9,-,254,-,-,4,4X2,FR,-,4,4,CKD,-,21,30,65,40,36,-,12,9,3,1,-,22,7%,2.5%,239
,,MAZDA,Mazda 2 Sedan,1496,AT,G,44,-,-,185/60R16,111,2570,4340 x 1695 x 1479,5,4X2,FF,-,4,4,CBU,Thailand,23,7,16,2,1,29,12,7,9,7,5,6,3.6%,1.3%,124
,,MORRIS GARAGE,5 GT  Activate 1.5L,1498,CVT,G,45,1233,-,205/55 R16,114,2680,4675 x 1842 x 1473,5,4X2,FF,8,5,4,CBU,Thailand,-,-,3,4,-,1,3,3,-,-,-,-,0.4%,0.1%,14
,,,5 GT  Ignite 1.5L,1498,CVT,G,45,1233,-,215/50 R17,114,2680,4675 x 1842 x 1473,5,4X2,FF,8,5,4,CBU,Thailand,4,4,17,13,8,21,22,38,38,23,23,9,6.4%,2.3%,220
,,,5 GT  Magnify 1.5L,1498,CVT,G,45,1233,-,215/50 R17,114,2680,4675 x 1842 x 1480,5,4X2,FF,8,5,4,CBU,Thailand,24,75,13,10,15,7,16,24,23,9,25,16,7.5%,2.7%,257
,,TOYOTA,Vios 1.5 E,1500,MT,G,42,1060,-,195/50 R16,109 / 6000,2550,4410X1700X1475,5,4X2,FF,-,4,4,CKD,INA,-,-,-,-,-,1,1,-,-,1,-,-,0.1%,0%,3
,,,Vios 1.5 G,1500,MT,G,42,1060,-,195/50 R16,109 / 6000,2550,4410X1700X1475,5,4X2,FF,-,4,4,CKD,INA,-,-,-,-,-,-,-,-,-,-,-,-,0%,0%,-
,,,VIOS 1.5 G AT  FMC,1500,AT,G,42,1080,-,195/50 R16,109 / 6000,2550,4410X1700X1475,5,4X2,FF,-,4,4,CKD,INA,23,94,41,34,55,49,52,38,39,40,59,43,16.5%,5.9%,567
,,,Vios G AT,1500,AT,G,42,1080,-,195/50 R16,109 / 6000,2550,4410X1700X1475,5,4X2,FF,-,4,4,CKD,INA,-,-,-,-,-,-,-,-,-,-,-,-,0%,0%,-
,,TOTAL,,,,,,,,,,,,,,,,,,,,131,433,321,223,259,207,307,281,260,384,386,239,100%,36%,3431
,,CUMULATIVE,,,,,,,,,,,,,,,,,,,,131,564,885,1108,1367,1574,1881,2162,2422,2806,3192,3431,,,
,,,,,,,,,,,,,,,,,,,,,,,,,,,,,,,,,,,,
,"CC 1.501 - 3.000 [G]
/ 2.500 [D]",AUDI,A5 2.0 TFSI,1984,AT,G,63,1465,3778,255/35/R18,211,2810,4625 x 1884 x 1372,5,4X4,4WD,-,2,4,CBU,Germany,-,2,-,-,2,-,-,-,-,2,1,-,0.1%,0.1%,7
,,,A5 2.0 TFSI A/T  SB,1984,AT,G,54,1490,-,245/40/R18,190,2824,4757 x 1843 x 1386,5,4X2,FF,241,5,4,CBU,Germany,-,1,-,2,-,-,1,-,-,-,1,-,0.1%,0.1%,5
,,,A6 2.0TFSI AT,1984,AT,G,65,1635,3667,245/45/R18,180,2912,4915 x 1874 x 1455,5,4X2,FF,226,4,4,CBU,Germany,1,1,1,-,-,2,1,2,1,-,-,-,0.1%,0.1%,9
,,,A8L 3.0 AT,2995,AT,G,90,1995,2106,255/45 R19,290,3122,5267 x 1949 x 1471,5,4X2,FF,250,4,4,CBU,Germany,-,-,-,-,-,-,1,-,-,-,-,-,0%,0%,1
,,BMW,218i  Gran Coupe,-,-,-,-,-,-,-,-,-,-,-,-,-,-,-,-,-,-,11,3,22,6,24,39,6,4,23,27,20,9,3.2%,2%,194
,,,220i  Coupe AT,1998,AT,G,52,1965,-,225/45 R18 95Y; 255/40 R18 99,184,2741,4537 x 1838 x 1390,-,4X2,FR,-,-,4,CBU,Germany,-,-,-,-,3,1,5,-,5,4,1,1,0.3%,0.2%,20
,,,320i  CKD-A7 AT,1998,AT,G,59,2070,-,225/45 R18 95Y; 255/40 R18 99,184,2851,4713 x 1827 x 1440,5,4X2,FR,-,4,4,CKD,INA,22,71,23,18,24,15,20,13,5,2,18,5,3.9%,2.5%,236
,,,330i  CKD B7 AT,1998,AT,G,59,2080,-,225/40 R19 93Y; 255/35 R19 96,258,2851,4713 x 1827 x 1440,5,4X2,FR,-,4,4,CKD,INA,13,22,34,3,13,11,-,39,32,49,25,11,4.1%,2.6%,252
,,,M2 Coupe RHD MX AT,2993,AT,G,52,2155,-,75/35 ZR19 100Y; 285/30 ZR20 9,460,2747,4580 x 1887 x 1403,-,4X2,FR,-,-,4,CBU,Germany,-,-,-,-,-,-,-,-,15,25,22,10,1.2%,0.8%,72
,,,M3 AT,2993,AT,G,59,2210,-,75/35 ZR19 100Y; 285/30 ZR20 9,510,2857,4794 x 1903 x 1433,-,4X2,FR,-,-,4,CBU,Germany,-,-,7,20,3,1,5,4,2,4,1,35,1.3%,0.9%,82
,,,M3 Competition M  xDrive T  AT,2993,AT,G,59,2370,-,75/35 ZR19 100Y; 285/30 ZR20 9,510,2857,4801 x 1903 x 1446,-,4X4,-,-,-,4,CBU,Germany,-,-,-,-,-,-,9,-,8,14,2,-,0.5%,0.3%,33
,,,M3 CS Limousine RHD AT  62AY,2993,AT,G,59,2245,-,75/35 ZR19 100Y; 285/30 ZR20 9,551,2857,4795 x 1918 x 1438,-,4X4,-,-,-,4,CBU,Germany,-,-,-,-,-,-,7,5,-,-,-,2,0.2%,0.1%,14
,,,M4 CSL AT,2993,AT,G,59,1970,-,75/35 ZR19 100Y; 285/30 ZR20 9,551,2857,4794 x 1921 x 1386,2,4X2,FR,-,2,4,CBU,Germany,-,-,1,-,-,-,-,-,-,-,-,-,0%,0%,1
,,,M4 Coupe AT,2993,AT,G,59,2155,-,75/35 ZR19 100Y; 285/30 ZR20 9,510,2857,4794 x 1887 x 1393,-,4X2,FR,-,-,4,CBU,Germany,-,-,11,21,53,11,21,15,14,4,5,17,2.8%,1.8%,172
,,,M4 Competition M  xDrive C RHD AT,2993,AT,G,59,2345,-,75/35 ZR19 100Y; 285/30 ZR20 9,510,2857,4794 x 1887 x 1395,-,4X4,4WD,-,-,4,CBU,Germany,-,-,-,-,-,10,-,-,-,9,1,-,0.3%,0.2%,20
,,,430i  Convertible AT,1998,AT,G,59,2200,-,225/40 R19 93Y; 255/35 R19 96,258,2851,4768 x 1852 x 1384,-,4X2,FR,-,-,4,CBU,Germany,-,-,5,21,18,8,11,-,3,11,1,-,1.3%,0.8%,78
,,,430i  Coupe AT,1998,AT,G,59,2030,-,225/40 R19 93Y; 255/35 R19 96,258,2851,4768 x 1852 x 1383,-,4X2,FR,-,-,4,CBU,Germany,-,-,8,40,17,6,24,4,4,3,-,2,1.8%,1.1%,108
,,,530i  CKD AT,1998,AT,G,68,3205,-,245/40 R19 98Y; 275/35 R19 100,252,2975,4963 x 1868 x   1479,-,4X2,FR,-,-,4,CKD,INA,21,-,3,7,16,1,8,6,2,-,-,-,1%,0.7%,64
,,,530i  Touring RHD AT,1998,AT,G,68,2425,-,245/40 R19 98Y; 275/35 R19 100,252,2975,4963 x 1868 x 1498,-,4X2,FR,-,-,4,CBU,Germany,-,-,-,36,11,4,3,-,-,-,-,-,0.9%,0.6%,54
,,,520i  G30 CKD AT,1998,AT,G,68,2285,-,245/40 R19 98Y; 275/35 R19 100,184,2975,4963 x 1868 x   1479,-,4X2,FR,-,-,4,CKD,INA,27,10,59,8,15,25,8,38,21,17,18,47,4.8%,3.1%,293
,,,72AG 520I,1998,AT,G,-,-,-,-,-,-,-,-,-,-,-,-,4,CBU,Germany,-,-,-,-,-,-,-,-,-,-,-,-,0%,0%,-
,,,730Li  G12 CKD AT,1998,AT,G,78,2445,-,245/40 R20 99Y; 275/35 R20 102,265,3210,5260x1902x1479,-,4X2,FR,-,-,4,CKD,INA,1,-,1,1,-,-,-,3,2,-,-,-,0.1%,0.1%,8
,,,735i  Limousine RHD A/T,2998,AT,G,-,-,-,-,-,-,-,-,4X2,-,-,-,-,-,-,-,-,-,-,-,-,-,-,-,-,-,1,0%,0%,1
,,,735i  Limousine RHD AT,2998,AT,G,-,-,-,-,-,-,-,-,4X2,-,-,-,-,-,-,-,-,-,-,-,-,4,14,26,8,15,28,1.6%,1%,95
,,,740Li  G12 CKD AT,2998,AT,G,78,2500,-,245/40 R20 99Y; 275/35 R20 102,340,3210,5260x1902x1479,-,4X2,FR,-,-,4,CKD,INA,1,-,-,-,-,-,-,-,-,-,-,-,0%,0%,1
,,,Z4 sDrive30i  AT,1998,AT,G,52,1740,-,55/40 ZR18 95Y; 275/40 ZR18 9,258,2470,4324x1864x1304,-,4X2,FR,-,2,4,CBU,Germany,-,-,-,31,10,6,3,-,6,6,1,-,1%,0.7%,63
,,,Z4 M40i  AT,2998,AT,G,52,1860,-,55/35 ZR19 96Y; 275/35 ZR19 10,387,2470,4324 x 1864 x 1304,-,4X2,FR,-,-,4,CBU,Germany,-,-,2,10,11,5,-,-,-,-,2,-,0.5%,0.3%,30
,,,840i  Coupe AT,2998,AT,G,68,2225,-,245/35 R20 95Y; 275/30 R20 97,340,2822,4843x1902x1341,-,4X2,FR,-,-,4,CBU,Germany,-,-,1,4,4,-,7,-,2,-,-,-,0.3%,0.2%,18
,,,840i  Gran Coupe AT,2998,AT,G,68,2435,-,245/35 R20 95Y; 275/30 R20 97,340,3023,5074x1932x1401,-,4X2,FR,-,-,4,CBU,Germany,-,-,1,1,1,-,-,-,1,1,-,-,0.1%,0.1%,5
,,HONDA,New ACCORD VTi-L,2354,CVT,G,65,1525,-,-,176,2275,4870 x 1850 x 1465,5,4X2,FF,-,4,4,CBU,Thailand,-,69,24,51,35,60,28,60,63,16,7,7,6.9%,4.4%,420
,,,Civic Type R,2000,MT,G,-,-,-,-,-,-,-,-,4X2,-,-,5,4,CBU,UK,-,-,15,-,3,-,3,36,26,-,17,-,1.6%,1%,100
,,LEXUS,ES 250,2494,AT,G,-,-,-,-,181 / 6000,-,4900X1820X1450,4,4X2,FR,-,4,4,CBU,Japan,-,-,-,-,-,-,-,-,-,-,-,-,0%,0%,-
,,,ES 300 h,2494,AT,HYBRID,65,-,-,215 / 55 R17,202 / 5700,2820,4900X1820X1450,4,4X2,FR,-,4,4,CBU,Japan,5,13,26,7,22,31,7,23,26,9,15,3,3.1%,1.9%,187
,,,ES 300h Ultra Luxury,2494,AT,HYBRID,65,-,-,215 / 55 R17,202 / 5700,2820,4900X1820X1450,4,4X2,FR,-,4,4,CBU,Japan,-,-,-,-,-,-,-,-,-,-,-,-,0%,0%,-
,,MAZDA,MX-5 RF AT,1999,AT,G,50,-,3863,205/45R17,160,2330,4020 x 1720 x 1255,2,4X2,FF,-,4,4,CBU,Japan,4,-,6,4,-,3,2,20,13,2,6,2,1%,0.6%,62
,,,New MX-5 RF MT,1999,MT,G,50,-,3863,205/45R17,160,2330,4020 x 1720 x 1255,2,4X2,FF,-,4,4,CBU,Japan,-,-,1,-,-,2,2,8,6,1,-,1,0.3%,0.2%,21
,,,Mazda 3 Sedan,1998,AT,G,51,-,-,215/45R18,155,2725,"4,660 x 1,795 x 1,44",5,4X2,FF,-,5,4,CBU,Japan,2,-,1,17,3,3,10,19,10,5,5,1,1.2%,0.8%,76
,,,Mazda 6 Elite Sedan,2488,AT,G,64,-,4056,225/45R19,187,2830,4865 x 1840 x 1450,5,4X2,FF,-,4,4,CBU,Japan,-,-,22,2,1,13,1,11,4,2,2,4,1%,0.6%,62
,,MERCEDES-BENZ PC,AMG A 35 4MATIC (V177),2000,AT,G,-,-,-,-,-,-,-,-,-,-,-,-,-,CBU,-,17,5,3,-,1,1,-,4,7,1,2,4,0.7%,0.5%,45
,,,A 200,1991,AT,G,41,2030,7,225/50 R17,184,2840,"4,686 x 2,020 x 1,44",5,4X2,FR,-,4,4,CKD,INA,-,18,4,1,16,25,23,23,9,9,8,18,2.5%,1.6%,154
,,,E 200 AVA,1991,AT,G,66,2265,9,245/45 R18,184,2939,"4,686 x 2,065 x 1,46",5,4X2,FR,-,4,4,CKD,INA,14,33,37,29,30,27,1,11,10,1,1,1,3.2%,2%,195
,,,E 200 Coupe   (C238)*,2999,AT,G,-,-,-,-,-,-,-,-,4X4,4WD,-,-,-,CBU,-,-,1,1,-,5,3,3,-,4,-,2,-,0.3%,0.2%,19
,,,E 250 AVA,1991,AT,G,66,2255,9,245/45 R18,211,2939,"4,686 x 2,065 x 1,46",5,4X2,FR,-,4,4,CKD,INA,-,-,-,-,-,-,-,-,-,-,-,-,0%,0%,-
,,,E 300 AMG,1991,AT,G,66,2295,9,"245/40, 275/35 R19",258,2939,"4,702 x 2,065 x 1,45",5,4X2,FR,-,4,4,CKD,INA,23,27,25,19,15,18,13,29,31,35,31,11,4.5%,2.9%,277
,,,S 450,2996,AT,G,80,2700,9,"245/45, 275/40 R19",367,3165,"5,255 x 2,130 x 1,49",5,4X2,FR,-,4,4,CKD,INA,20,33,29,7,11,17,7,19,15,4,5,3,2.8%,1.8%,170
,,,EQE 350 (V295),-,AT,BEV,-,-,-,-,-,-,-,5,4X2,FR,-,5,4,CBU,-,-,-,-,-,18,4,1,2,7,7,9,5,0.9%,0.6%,53
,,,S 580e (V223),2999,AT,G,-,-,-,-,-,-,-,5,4X2,FR,-,5,4,CBU,-,-,-,-,1,-,-,-,-,-,-,-,-,0%,0%,1
,,,EQS 450+ (V297),-,AT,BEV,-,-,9,245/45 R18,204,2840,"4,702 x 2,020 x 1,45",5,4X2,FR,-,5,4,CBU,-,-,3,10,11,11,9,1,-,1,5,5,-,0.9%,0.6%,56
,,,E 200 ( CBU ),1991,AT,G,66,2265,9,245/45 R18,184,2939,"4,686 x 2,065 x 1,46",5,4X2,FR,-,4,4,CKD,INA,-,-,-,-,-,-,-,-,-,-,-,-,0%,0%,-
,,,E 300e,1991,AT,G,66,2320,9,"245/40, 275/35 R19",258,2873,"4,846 x 2,065 x 1,43",4,4X2,FR,-,2,4,CBU,-,-,-,-,-,-,1,-,-,-,-,-,-,0%,0%,1
,,,CLS 350 AMG,1991,AT,G,66,2410,9,"245/35, 275/30 R20",299,2939,"4,996 x 2,069 x 1,43",5,4X2,FR,-,4,4,CBU,-,-,-,-,3,2,-,1,1,2,2,-,-,0.2%,0.1%,11
,,,C 300 AMG Line (W206),1998,AT,G,66,-,-,-,-,-,-,4,4X2,FR,-,4,4,CKD,-,54,19,42,4,68,55,73,86,22,31,24,75,9%,5.8%,553
,,,AMG CLA 45 S Shooting Brake (X118),1998,-,-,-,-,-,-,-,-,-,-,4X2,-,-,4,4,CBU,-,-,-,1,-,-,-,-,-,-,-,-,-,0%,0%,1
,,,AMG SL 43,1999,AT,G,-,-,9,-,-,-,-,4,4X2,FR,-,4,4,CBU,-,-,-,-,-,-,-,-,4,3,4,10,1,0.4%,0.2%,22
,,SUBARU,BRZ 2.4 MT  (ZD8),2,AT,G,50,1670,-,215/40 R18,237,2575,"4,265 x 1,775 x 1,31",4,4X2,FR,-,2,4,CBU,Japan,9,8,5,2,3,2,1,2,1,6,-,8,0.8%,0.5%,47
,,,BRZ 2.4 AT  (ZD8),2,AT,G,50,1700,-,215/40 R18,237,2575,"4,265 x 1,775 x 1,31",4,4X2,FR,-,2,4,CBU,Japan,22,18,19,8,7,6,8,6,5,8,5,10,2%,1.3%,122
,,,WRX SEDAN 2.4 MT  (VB),2,MT,G,63,1556,-,245/40 R18,275,2675,"4,670 x 1,825 x 1,46",5,4X4,4WD,-,4,4,CBU,Japan,-,-,2,4,2,4,2,7,-,7,-,-,0.5%,0.3%,28
,,,WRX SEDAN 2.4 AT  tS ES (VB),2,CVT,G,63,1625,-,245/40 R18,275,2675,"4,670 x 1,825 x 1,46",5,4X4,4WD,-,4,4,CBU,Japan,-,-,3,-,3,5,5,-,3,3,3,4,0.5%,0.3%,29
,,TOYOTA,All  New Corolla Altis 1.8 V AT,1800,AT,G,55,1270,5,21545R17,151 / 6400,2700,4620X1776X1460,5,4X2,FF,-,4,4,CBU,Thailand,-,102,29,24,27,26,88,33,40,13,1,1,6.3%,4%,384
,,,All  New Corolla Altis 1.8 Hybrid AT  2022,1800,AT,HYBRI,55,1270,5,21545R17,151 / 6400,2700,4620X1776X1460,5,4X2,FF,-,4,4,CBU,Thailand,-,35,11,9,2,8,-,-,-,-,-,-,1.1%,0.7%,65
,,,New Corolla Altis 1.8 Hybrid AT  2023,1800,AT,HYBRI,55,1270,5,21545R17,151 / 6400,2700,4620X1776X1460,5,4X2,FF,-,4,4,CBU,Thailand,-,-,-,-,-,-,-,-,-,39,17,7,1%,0.7%,63
,,,PRIUS 1.8,1798,AT,G,45,1420,3267,195/65 R15,73 / 5200,2700,4460X1745X1480,5,4X2,FR,5,4,4,CBU,Japan,-,-,-,-,-,-,-,-,-,-,-,1,0%,0%,1
,,,All  New Camry 2.5 G,2500,AT,G,70,1465,3815,215/60R16,181 / 6000,2775,4825X1825X1470,5,4X2,FF,-,4,4,CBU,Thailand,-,-,-,-,-,-,-,-,-,-,-,-,0%,0%,-
,,,All  New Camry 2.5 V,2500,AT,G,70,1465,3815,215/55R17,181 / 6000,2775,4825X1825X1470,5,4X2,FF,-,4,4,CBU,Thailand,17,108,89,58,52,39,26,17,21,15,17,35,8.1%,5.2%,494
,,,All  New Camry 2.5 Hybrid Mi,2500,AT,HYBRID,65,1625,3542,215/55R17,156.6 /5700,2775,4825X1825X1470,5,4X2,FF,-,4,4,CBU,Thailand,2,27,21,23,140,79,22,14,11,15,10,1,6%,3.8%,365
,,,GR 86 AT,1998,AT,G,50,-,-,215/45/R17,147 / 6.800,2570,4240X1775X1285,5,4X2,FR,6,4,4,CBU,Japan,-,6,11,8,19,9,10,3,8,11,9,3,1.6%,1%,97
,,,Supra 3.0 AT,2459,AT,G,50,-,-,-,-,-,-,5,4X2,FR,6,4,4,CBU,Japan,-,-,1,-,-,4,-,-,1,-,3,-,0.1%,0.1%,9
,,,GR Supra 3.0 AT,2459,AT,G,50,-,-,-,-,-,-,5,4X2,FR,6,4,4,CBU,Japan,-,-,-,-,-,-,-,-,-,-,1,-,0%,0%,1
,,,86 MT,2000,MT,G,50,-,-,215/45/R17,147 / 6.800,2570,4240X1775X1285,5,4X2,FR,-,4,4,CBU,Japan,-,-,-,-,-,-,-,-,-,-,-,-,0%,0%,-
,,TOTAL,,,,,,,,,,,,,,,,,,,,286,635,617,521,721,599,482,585,521,437,349,374,100%,64%,6127
,,CUMULATIVE,,,,,,,,,,,,,,,,,,,,286,921,1538,2059,2780,3379,3861,4446,4967,5404,5753,6127,,,
,,,,,,,,,,,,,,,,,,,,,,,,,,,,,,,,,,,,
,"CC > 3.001 [G]
/ 2.501 [D]",LEXUS,LS 500 Executive,3445,AT,G,-,2760,-,245 / 45 R20,-,3125,5235X1900X1450,4,4X2,FR,10,4,4,CBU,Japan,-,-,-,-,-,-,-,-,-,-,-,-,0%,0%,-
,,,LS 500 Hybrid,3445,AT,HYBRID,-,-,-,245 / 45 R20,-,-,5235X1900X1450,-,4X2,FR,-,-,-,CBU,Japan,-,1,-,-,1,-,2,-,3,1,-,-,24.2%,0.1%,8
,,,LC 500,4969,AT,G,66,2870,-,-,471 / 7100,2730,4770X1920X1345,2,4X2,FR,-,2,4,CBU,Japan,-,-,-,-,-,1,1,-,-,1,3,-,18.2%,0.1%,6
,,BMW,M8 Coupe AT,4395,AT,G,68,2385,-,5/35 ZR20 102Y; 285/35 ZR20 1,625,2827,4867x1907x1362,-,4X4,4WD,-,-,4,CBU,Germany,-,-,-,-,1,-,-,-,-,-,-,-,3%,0%,1
,,,M850i  Coupe AT,4395,AT,G,68,2395,-,245/35 R20 95Y; 275/30 R20 97,530,2822,4851x1902x1346,-,4X4,4WD,-,-,4,CBU,Germany,-,-,-,-,-,-,-,-,-,-,1,-,3%,0%,1
,,MERCEDES-BENZ PC,GT  53 4MATIC+ (X290)*,3982,-,-,-,-,-,-,-,-,-,-,-,-,-,-,-,CBU,-,-,-,-,1,3,1,-,-,-,1,-,-,18.2%,0.1%,6
,,,Maybach S 580 (Z223)*,3982,-,-,-,-,-,-,-,-,-,-,-,-,-,-,-,CBU,-,1,-,1,-,2,2,-,1,1,3,-,-,33.3%,0.1%,11
,,TOTAL,,,,,,,,,,,,,,,,,,,,1,1,1,1,7,4,3,1,4,6,4,-,100%,0%,33
,,CUMULATIVE,,,,,,,,,,,,,,,,,,,,1,2,3,4,11,15,18,19,23,29,33,33,100%,,
SEDAN TYPE SALES TOTAL SEDAN TYPE SALES CUMULATIVE,,,,,,,,,,,,,,,,,,,,,,,,,,,,,,,,,,,,
,,,,,,,,,,,,,,,,,,,,,,418,1069,939,745,987,810,792,867,785,827,739,613,"9.591
1,0%",,
,,,,,,,,,,,,,,,,,,,,,,418,1487,2426,3171,4158,4968,5760,6627,7412,8239,8978,9591,,,
,,,,,,,,,,,,,,,,,,,,,,,,,,,,,,,,,,,,
4 X 2 TYPE SALES                                                                                                                                             `JAN-DEC 2023,,,,,,,,,,,,,,,,,,,,,,,,,,,,,,,,,,,,
CATEGORY,,BRAND,TYPE MODEL,CC,TRANS,FUEL,CAPT,"GVW
(Kg)",GEAR RATIO,WHEEL & TYRE SIZE,PS / HP,WHEEL BASE,P x L xT,SEATER,DRIVE SYS.,,SPEED,DOOR,WHEELS,"CBU
/ CKD","ORIGIN
COUNTRY",JAN,FEB,MAR,APR,MAY,JUN,JUL,AUG,SEP,OCT,NOV,DEC,"Segment
Share","4X2
Share",2023
4X2 TYPE,CC < 1.500 [G/D],BMW,i440 Gran Coupe AT,-,AT,EV,51,2025,-,225/50 R18 95W,136,2670,4439 x 1821 x 1596,5,4X2,FF,-,5,4,CBU,Germany,-,-,1,15,14,9,2,2,2,2,2,1,0%,0%,50
,,,X1 sDrive18i  F48 AT,1499,AT,G,61,2025,-,225/50 R18 95W,140,2670,4447x1821x1598,-,4X2,FF,-,-,4,CKD,Indonesia,-,-,-,-,-,-,-,-,-,-,-,-,0%,0%,-
,,,X1 sDrive18i  U11 A7 AT,1499,AT,G,45,2075,-,225/55 R18 102Y,156,2692,4500 x 1845 x 1642,-,4X2,FF,-,-,4,CKD,Indonesia,-,-,-,-,-,-,75,38,69,67,28,61,0.1%,0.1%,338
,,CHERY,TIGGO 7 PRO PREMIUM,1500,AT,G,51,-,-,-,-,2670,4500X1842X1746,5,4X2,-,-,5,4,CKD,INA,22,32,34,30,17,14,21,31,16,20,4,8,0.1%,0%,249
,,,TIGGO 7 PRO LUXURY,1500,AT,G,51,-,-,-,-,2670,4500X1842X1746,5,4X2,-,-,5,4,CKD,INA,3,4,1,4,2,15,12,-,3,2,1,-,0%,0%,47
,,,TIGGO 7 PRO COMFORT,1500,AT,G,51,-,-,-,-,2670,4500X1842X1746,5,4X2,-,-,5,4,CKD,INA,6,9,-,9,2,5,3,2,7,1,1,3,0%,0%,48
,,,OMDA 5 Z,1500,CVT,G,-,-,-,-,-,-,-,5,4X2,-,-,5,4,CKD,INA,-,-,-,-,137,110,54,97,90,59,38,44,0.1%,0.1%,629
,,,GT,1500,CVT,G,-,-,-,-,-,-,-,5,4X2,-,-,5,4,CKD,INA,-,-,-,-,-,-,-,-,-,60,30,70,0%,0%,160
,,,OMDA 5 RS,1500,CVT,G,-,-,-,-,-,-,-,5,4X2,-,-,5,4,CKD,INA,-,-,175,408,340,305,207,261,308,188,100,136,0.6%,0.4%,2428
,,DAIHATSU,All  New Xenia 1.3 M  MT,1329,MT,G,43,1705,5545,185/65R15,97,2750,4395X1730X1690,7,4X2,FF,-,5,4,CKD,INA,14,38,44,-,-,55,80,34,16,19,11,8,0.1%,0.1%,319
,,,All  New Xenia 1.3 X MT,1329,MT,G,43,1705,5545,185/65R15,97,2750,4395X1730X1690,7,4X2,FF,-,5,4,CKD,INA,400,366,546,510,576,506,695,432,313,259,209,124,1.1%,0.9%,4936
,,,All  New Xenia 1.3 X CVT,1329,AT,G,43,1705,5105,185/65R15,97,2750,4395X1730X1690,7,4X2,FF,-,5,4,CKD,INA,244,245,304,78,14,30,3,170,206,352,86,43,0.4%,0.3%,1775
,,,All  New Xenia 1.3 R MT,1329,MT,G,43,1705,5545,185/65R15,97,2750,4395X1730X1690,7,4X2,FF,-,5,4,CKD,INA,238,307,420,271,286,469,461,219,265,296,164,90,0.8%,0.6%,3486
,,,All  New Xenia 1.3 R CVT,1329,AT,G,43,1705,5105,185/65R15,97,2750,4395X1730X1690,7,4X2,FF,-,5,4,CKD,INA,290,210,288,186,112,75,3,254,529,313,102,140,0.6%,0.5%,2502
,,,All  New Xenia 1.5 R MT,1496,MT,G,43,1705,5077,195/60R16,106,2750,4395X1730X1700,7,4X2,FF,-,5,4,CKD,INA,92,58,39,38,8,71,-,51,40,64,40,19,0.1%,0.1%,520
,,,All  New Xenia 1.5 R CVT,1496,AT,G,43,1705,5105,195/60R16,106,2750,4395X1730X1700,7,4X2,FF,-,5,4,CKD,INA,53,71,65,36,73,42,-,53,83,140,59,38,0.2%,0.1%,713
,,,All  New Xenia 1.5 R ASA CVT,1496,AT,G,43,1705,5105,195/60R16,106,2750,4395X1730X1700,7,4X2,FF,-,5,4,CKD,INA,10,7,5,7,8,12,-,11,10,10,10,3,0%,0%,93
,,,New Sirion 1.3 MT  2022,1329,MT,G,40,940,4032,175/65R14,90,2440,3690X1665X1545,5,4X2,FF,-,5,4,CBU,Malaysia,-,-,10,10,-,-,-,-,-,-,-,-,0%,0%,20
,,,New Sirion 1.3 CVT  2022,1329,CVT,G,40,940,4032,175/65R14,90,2440,3690X1665X1545,5,4X2,FF,-,5,4,CBU,Malaysia,100,80,120,80,30,10,17,13,10,-,20,-,0.1%,0.1%,480
,,,Gran Max BV 1.3,1298,MT,G,43,2000,5125,165R13-8PR,88,2650,4045X1665X1900,2,4X2,FR,-,5,4,CKD,INA,268,255,346,398,500,934,998,949,964,456,410,642,1.6%,1.3%,7120
,,,Gran Max BV 1.5,1500,MT,G,43,2000,5125,165R13-8PR,88,2650,4045X1665X1900,2,4X2,FR,-,5,4,CKD,INA,-,-,-,-,-,-,-,-,-,-,370,6,0.1%,0.1%,376
,,,Gran Max MB 1.3 HI   FF,1298,MT,G,43,1840,5125,165R13-8PR,88,2650,4045X1665X1900,8,4X2,FR,-,5,4,CKD,INA,91,67,68,60,60,46,87,44,62,94,61,71,0.2%,0.1%,811
,,,Gran Max MB 1.3 HI,1298,MT,G,43,1840,5125,165R13-8PR,88,2650,4045X1665X1900,9,4X2,FR,-,5,4,CKD,INA,293,243,266,213,208,213,257,87,80,118,103,105,0.5%,0.4%,2186
,,,Gran Max MB 1.5 HI,1495,MT,G,43,1840,4875,165R13-8PR,88,2650,4045X1665X1900,9,4X2,FR,-,5,4,CKD,INA,198,158,191,138,137,171,206,53,53,30,30,40,0.3%,0.3%,1405
,,,Luxio 1.5 D (New),1495,MT,G,43,1290,5152,195/65R15,97,2650,4215X1710X1915,8,4X2,FR,-,5,4,CKD,INA,39,47,102,59,34,98,61,67,19,10,37,24,0.1%,0.1%,597
,,,Luxio 1.5 X MT  (New),1495,MT,G,43,1320,5152,195/65R15,97,2650,4215X1710X1915,8,4X2,FR,-,5,4,CKD,INA,196,175,213,167,177,165,190,58,131,62,75,10,0.4%,0.3%,1619
,,,Luxio 1.5 X AT  (New),1495,AT,G,43,1320,5152,195/65R15,97,2650,4215X1710X1915,8,4X2,FR,-,5,4,CKD,INA,55,81,137,59,67,102,52,58,45,38,33,14,0.2%,0.1%,741
,,,Luxio 1.5 AK MT,1495,MT,G,43,1320,5152,195/65R15,97,2650,4215X1710X1915,2,4X2,FR,-,5,4,CKD,INA,3,3,2,4,6,3,3,3,3,-,10,-,0%,0%,40
,,,All  New Terios IDS X MT,1496,MT,G,45,1245,5571,215/65/R16,104,2685,4435X1695X1705,7,4X2,FR,-,5,4,CKD,INA,626,987,1929,611,762,-,-,-,-,-,-,-,1.1%,0.9%,4915
,,,All  New Terios IDS X AT,1496,AT,G,45,1255,5857,215/65/R16,104,2685,4435X1695X1705,7,4X2,FR,-,5,4,CKD,INA,97,277,378,169,194,-,-,-,-,-,-,-,0.3%,0.2%,1115
,,,All  New Terios IDS R,1496,MT,G,45,1260,5571,215/60/R17,104,2685,4435X1695X1705,7,4X2,FR,-,5,4,CKD,INA,437,443,446,235,283,-,-,-,-,-,-,-,0.4%,0.3%,1844
,,,All  New Terios IDS R,1496,AT,G,45,1270,5857,215/60/R17,104,2685,4435X1695X1705,7,4X2,FR,-,5,4,CKD,INA,174,208,292,127,152,-,-,-,-,-,-,-,0.2%,0.2%,953
,,,All  New Terios IDS Custom  MT,1496,MT,G,45,1260,5571,215/60/R17,104,2685,4435X1695X1705,7,4X2,FR,-,5,4,CKD,INA,2,2,-,2,2,-,-,-,-,-,-,-,0%,0%,8
,,,All  New Terios IDS Custom  AT,1496,AT,G,45,1270,5857,215/60/R17,104,2685,4435X1695X1705,7,4X2,FR,-,5,4,CKD,INA,2,2,-,2,2,-,-,-,-,-,-,-,0%,0%,8
,,,All  New Terios IDS X MT  (MC 2023),1496,MT,G,45,1245,5571,215/65/R16,104,2685,4435X1695X1705,7,4X2,FR,-,5,4,CKD,INA,-,-,-,-,-,1452,1074,1086,423,1180,1188,1527,1.8%,1.4%,7930
,,,All  New Terios IDS X AT  (MC 2023),1496,AT,G,45,1255,5857,215/65/R16,104,2685,4435X1695X1705,7,4X2,FR,-,5,4,CKD,INA,-,-,-,-,-,155,404,407,517,561,484,331,0.7%,0.5%,2859
,,,All  New Terios IDS R MT  (MC 2023),1496,MT,G,45,1260,5571,215/60/R17,104,2685,4435X1695X1705,7,4X2,FR,-,5,4,CKD,INA,-,-,-,-,-,487,144,173,216,266,302,605,0.5%,0.4%,2193
,,,All  New Terios IDS R AT  (MC 2023),1496,AT,G,45,1270,5857,215/60/R17,104,2685,4435X1695X1705,7,4X2,FR,-,5,4,CKD,INA,-,-,-,-,-,124,239,297,175,366,173,195,0.4%,0.3%,1569
,,,All  New Terios IDS Custom  MT  (MC 2023),1496,MT,G,45,1260,5571,215/60/R17,104,2685,4435X1695X1705,7,4X2,FR,-,5,4,CKD,INA,-,-,-,-,-,101,34,20,7,45,38,92,0.1%,0.1%,337
,,,All  New Terios IDS Custom  AT  (MC 2023),1496,AT,G,45,1270,5857,215/60/R17,104,2685,4435X1695X1705,7,4X2,FR,-,5,4,CKD,INA,-,-,-,-,-,121,64,39,18,90,76,87,0.1%,0.1%,495
,,,Rocky 1.0 R ASA CVT,998,AT,G,36,1680,5105,205/60/R17,98,2525,4030X1710X1635,5,4X2,FR,-,5,4,CKD,INA,10,24,12,8,2,2,3,5,5,10,7,2,0%,0%,90
,,,Rocky 1.0 R CVT,998,AT,G,36,1680,5105,205/60/R17,98,2525,4030X1710X1635,5,4X2,FR,-,5,4,CKD,INA,63,64,42,56,7,3,55,15,20,34,10,20,0.1%,0.1%,389
,,,Rocky 1.0 R MT,998,MT,G,36,1680,5462,205/60/R17,98,2525,4030X1710X1635,5,4X2,FR,-,5,4,CKD,INA,11,5,10,4,6,13,5,-,3,3,2,3,0%,0%,65
,,,Rocky 1.2 X CVT,1200,AT,G,36,1680,5105,205/65/R16,88,2525,4030X1710X1635,5,4X2,FR,-,5,4,CKD,INA,450,352,388,296,164,161,197,147,330,182,347,255,0.8%,0.6%,3269
,,,Rocky 1.2 X MT,1200,MT,G,36,1680,5462,205/65/R16,88,2525,4030X1710X1635,5,4X2,FR,-,5,4,CKD,INA,19,48,53,104,67,189,220,214,89,74,51,50,0.3%,0.2%,1178
,,,Rocky 1.2 M  CVT,1200,AT,G,36,1680,5105,205/65/R16,88,2525,4030X1710X1635,5,4X2,FR,-,5,4,CKD,INA,10,24,51,-,-,5,15,35,-,52,5,15,0%,0%,212
,,,Rocky 1.2 M  MT,1200,MT,G,36,1680,5462,205/65/R16,88,2525,4030X1710X1635,5,4X2,FR,-,5,4,CKD,INA,5,10,20,19,14,15,10,5,6,4,12,5,0%,0%,125
,,DFSK,GLORY 580 1.5T  A/T  CVT  COMFORT,1498,AT,G,58,2035,-,226/60R17,150,2780,4680 X 1845 X 1715,7,4X2,FF,-,4,4,CKD,INA,-,-,-,-,30,20,30,-,-,-,-,-,0%,0%,80
,,,GLORY 580 1.5T  M/T  LUXURY,1498,MT,G,58,2035,-,226/60R17,150,2780,4680 X 1845 X 1715,7,4X2,FF,-,4,4,CKD,INA,-,-,-,-,-,-,-,-,-,3,-,-,0%,0%,3
,,,GLORY 580 1.5T  A/T  CVT  LUXURY,1498,AT,G,58,2035,-,226/60R17,150,2780,4680 X 1845 X 1715,7,4X2,FF,-,4,4,CKD,INA,-,-,-,-,23,-,-,-,-,-,-,50,0%,0%,73
,,,GLORY 560 1.5T  6M/T  LUXURY,1498,MT,G,50,2005,-,215/60R17,150,2690,4515 X 1815 X 1735,7,4X2,FF,-,4,4,CKD,INA,-,-,-,-,-,2,4,2,-,39,1,-,0%,0%,48
,,,GLORY 560 1.5T  A/T  CVT  LUXURY,1498,AT,G,50,2005,-,215/60R17,150,2690,4515 X 1815 X 1735,7,4X2,FF,-,4,4,CKD,INA,21,1,-,-,-,2,2,4,4,-,-,-,0%,0%,34
,,,GLORY 560 1.5T  A/T  CVT  COMFORT,1498,AT,G,50,2005,-,215/60R17,150,2690,4515 X 1815 X 1735,7,4X2,FF,-,4,4,CKD,INA,-,-,-,-,-,-,-,-,-,-,-,-,0%,0%,-
,,,GLORY I-AUTO,1498,AT,G,58,2035,-,225/60R17,150,2780,4680 X 1845 X 1715,7,4X2,FF,-,4,4,CKD,INA,-,2,2,2,2,3,1,1,-,1,1,2,0%,0%,17
,,,GELORA Blind Van (4X2) M/T,1498,MT,G,55,-,-,185/80 R14,109,3050,4500 X 1680 X 2000,2,4X2,FR,-,4,4,CKD,INA,1,8,13,4,3,17,5,8,3,6,2,20,0%,0%,90
,,,GELORA C36 MINI BUS 1.5 (4X2) M/T,1498,MT,G,55,-,-,185/80 R14,109,3050,4500 X 1680 X 2000,2,4X2,FR,-,4,4,CKD,INA,14,8,-,5,13,10,9,-,-,1,-,20,0%,0%,80
,,,GELORA EC35 BLIND VAN (4X2) A/T,1498,AT,BEV,58,2035,-,225/60R17,150,2780,4680 X 1845 X 1715,7,4X2,FF,-,4,4,CBU,China,-,3,5,8,2,1,10,4,3,-,23,8,0%,0%,67
,,,GELORA EC36 MINI BUS 1.5 (4X2) A/T,-,AT,BEV,58,2035,-,225/60R17,150,2780,4680 X 1845 X 1715,7,4X2,FF,-,4,4,CBU,China,-,10,8,5,7,2,11,13,9,1,11,5,0%,0%,82
,,SERES,E502 EV (4X2) A/T,-,-,BEV,-,-,-,-,-,-,-,4,4X2,-,-,-,-,CKD,INA,-,-,-,-,-,-,-,-,-,-,67,44,0%,0%,111
,,,E502 EV B (4X2) A/T,-,-,BEV,-,-,-,-,-,-,-,4,4X2,-,-,-,-,CKD,INA,-,-,-,-,-,-,-,-,-,-,-,-,0%,0%,-
,,HONDA,Brio RS,1198,MT,G,35,960,-,-,88,2345,3610 x 1680 x 1485,5,4X2,FF,-,5,4,CKD,INA,1,180,58,2,239,120,120,119,120,120,3,300,0.3%,0.2%,1382
,,,Brio RS,1198,CVT,G,35,960,-,-,88,2345,3610 x 1680 x 1485,5,4X2,FF,-,5,4,CKD,INA,831,717,671,62,1135,601,596,658,621,791,513,638,1.8%,1.4%,7834
,,,New CR-V T,1500,CVT,G,58,-,-,"18 x 7,5J",190,2660,4584 x 1855 x 1679,-,4X2,FF,-,5,4,CKD,INA,59,55,53,50,83,-,1,-,-,-,-,-,0.1%,0.1%,301
,,,New CR-V Prestige,1500,CVT,G,58,-,-,"18 x 7,5J",190,2660,4585 x 1855 x 1679,-,4X2,FF,-,5,4,CKD,INA,397,569,526,354,331,104,36,-,-,-,-,-,0.5%,0.4%,2317
,,,All  New CR-V 1.5 T,1500,CVT,G,-,-,-,"19 x 7,5J",190,2701,4691 x 1866 x 1681,-,4X2,FF,-,5,4,CKD,INA,-,-,-,-,-,-,-,242,69,6,86,107,0.1%,0.1%,510
,,,HR-V S,1497,MT,G,40,-,-,-,-,-,-,5,4X2,FF,-,5,4,CKD,INA,1,-,-,-,-,-,-,-,-,-,-,-,0%,0%,1
,,,HR-V S,1497,CVT,G,40,-,-,-,-,-,-,5,4X2,FF,-,5,4,CKD,INA,-,-,-,-,-,-,-,-,-,-,-,-,0%,0%,-
,,,HR-V E,1497,CVT,G,40,-,-,-,-,-,-,5,4X2,FF,-,5,4,CKD,INA,1,-,-,-,-,-,-,-,-,-,-,-,0%,0%,1
,,,HR-V E+,1497,CVT,G,40,-,-,-,-,-,-,5,4X2,FF,-,5,4,CKD,INA,-,-,-,-,-,-,-,-,-,-,-,-,0%,0%,-
,,,New HR-V S,1497,CVT,G,-,-,-,-,-,-,-,5,4X2,FF,-,5,4,CKD,INA,31,29,91,25,31,30,9,29,31,67,46,48,0.1%,0.1%,467
,,,New HR-V E,1497,CVT,G,-,-,-,-,-,-,-,5,4X2,FF,-,5,4,CKD,INA,643,665,647,173,264,244,54,61,250,267,164,302,0.9%,0.7%,3734
,,,New HR-V SE,1497,CVT,G,-,-,-,-,-,-,-,5,4X2,FF,-,5,4,CKD,INA,2518,3025,3279,734,843,874,1368,1968,1832,1708,1650,1458,4.9%,3.8%,21257
,,,New HR-V RS,1497,CVT,G,-,-,-,-,-,-,-,5,4X2,FF,-,5,4,CKD,INA,263,107,204,84,120,58,78,54,49,117,141,121,0.3%,0.3%,1396
,,,CITY HB RS,1500,MT,G,40,-,-,16 x 6J,121,2600,4349 x 1748 x 1488,-,4X2,FF,-,5,4,CKD,INA,37,74,65,5,-,-,-,-,-,-,-,-,0%,0%,181
,,,CITY HB RS,1500,CVT,G,40,-,-,16 x 6J,121,2600,4349 x 1748 x 1488,-,4X2,FF,-,5,4,CKD,INA,120,111,131,54,182,251,290,350,122,103,85,160,0.5%,0.4%,1959
,,,CITY HB RS-HS,1500,CVT,G,40,-,-,16 x 6J,121,2600,4349 x 1748 x 1488,-,4X2,FF,-,5,4,CKD,INA,61,60,59,51,129,114,55,-,68,57,7,79,0.2%,0.1%,740
,,,Mobilio S,1497,MT,G,42,-,-,15,118,2650,4386 x 1683 x 1603,7,4X2,FF,-,5,4,CKD,INA,-,-,-,-,-,-,-,-,-,-,-,-,0%,0%,-
,,,Mobilio E,1497,MT,G,42,-,-,15,118,2650,4386 x 1683 x 1603,7,4X2,FF,-,5,4,CKD,INA,-,1,-,-,-,-,-,-,-,-,-,-,0%,0%,1
,,,Mobilio RS,1497,CVT,G,42,-,-,15,118,2650,4386 x 1683 x 1603,7,4X2,FF,-,5,4,CKD,INA,1,-,-,-,-,-,-,-,-,-,-,-,0%,0%,1
,,,New Mobilio S,1497,MT,G,42,-,-,15,118,2650,4386 x 1683 x 1603,7,4X2,FF,-,5,4,CKD,INA,68,69,403,120,120,61,48,129,-,361,1,60,0.3%,0.3%,1440
,,,WR-V E,1500,MT,G,35,-,-,16 x 7J,119,2485,4060 x 1780 x 1608,-,4X2,FF,-,5,4,CKD,INA,-,-,-,-,25,4,20,14,-,26,30,45,0%,0%,164
,,,WR-V E,1500,CVT,G,35,-,-,16 x 7J,119,2485,4060 x 1780 x 1608,-,4X2,FF,-,5,4,CKD,INA,74,74,176,185,178,76,58,59,79,60,62,130,0.3%,0.2%,1211
,,,WR-V RS,1500,CVT,G,35,-,-,17 x 7J,119,2485,4060 x 1780 x 1608,-,4X2,FF,-,5,4,CKD,INA,686,751,1091,890,1284,1223,1210,914,910,1033,994,596,2.7%,2.1%,11582
,,,WR-V RS - HS,1500,CVT,G,35,-,-,17 x 7J,119,2485,4060 x 1780 x 1608,-,4X2,FF,-,5,4,CKD,INA,596,755,703,690,994,1038,553,818,577,352,260,497,1.8%,1.4%,7833
,,,BR-V S,1500,MT,G,42,-,-,-,-,-,-,7,4X2,FF,-,5,4,CKD,INA,1,-,-,-,-,-,-,-,-,-,-,-,0%,0%,1
,,,BR-V E+,1500,MT,G,42,-,-,-,-,-,-,7,4X2,FF,-,5,4,CKD,INA,-,-,-,-,-,-,-,-,-,-,-,-,0%,0%,-
,,,BR-V E+,1500,CVT,G,42,-,-,-,-,-,-,7,4X2,FF,-,5,4,CKD,INA,1,-,-,-,-,-,-,-,-,-,-,-,0%,0%,1
,,,BR-V E Prestige,1500,CVT,G,42,-,-,-,-,-,-,7,4X2,FF,-,5,4,CKD,INA,-,-,-,-,-,-,-,-,-,-,-,-,0%,0%,-
,,,BR-V S,1500,CVT,G,42,-,-,-,-,-,-,7,4X2,FF,-,5,4,CKD,INA,-,-,-,-,20,29,26,14,21,9,-,1,0%,0%,120
,,,BR-V E,1500,CVT,G,42,-,-,-,-,-,-,7,4X2,FF,-,5,4,CKD,INA,274,263,238,83,242,130,115,76,75,94,57,93,0.4%,0.3%,1740
,,,BR-V E,1500,CVT,G,42,-,-,-,-,-,-,7,4X2,FF,-,5,4,CKD,INA,638,751,557,187,870,14,102,214,-,161,118,90,0.9%,0.7%,3702
,,,BR-V E Prestige,1500,CVT,G,42,-,-,-,-,-,-,7,4X2,FF,-,5,4,CKD,INA,1228,626,691,263,990,900,484,382,460,487,476,574,1.7%,1.4%,7561
,,,BR-V Prestige-HS,1500,CVT,G,42,-,-,-,-,-,-,7,4X2,FF,-,5,4,CKD,INA,691,461,445,138,379,947,414,314,465,246,323,247,1.2%,0.9%,5070
,,HYUNDAI - HIM,Grand i10,1200,MT,G,35,-,-,-,-,-,-,-,4X2,FF,-,4,4,CBU,India,-,-,-,-,-,-,-,-,-,-,-,-,0%,0%,-
,,HYUNDAI - HMID,Creta Active 1.5 MT,1500,MT,G,40,1590,-,215/60/R17,115,2610,4315 x 1790 x 1630,5,4X2,FF,-,5,4,CKD,INA,3,6,-,-,-,2,1,1,3,1,3,-,0%,0%,20
,,,Creta Trend 1.5 MT,1500,MT,G,40,1590,-,215/60/R17,115,2610,4315 x 1790 x 1630,5,4X2,FF,-,5,4,CKD,INA,4,8,14,2,2,-,-,-,-,1,2,2,0%,0%,35
,,,Creta Trend 1.5 IVT,1500,AT,G,40,1660,-,215/60/R17,115,2610,4315 x 1790 x 1630,5,4X2,FF,-,5,4,CKD,INA,147,106,129,128,147,70,61,129,31,98,108,71,0.3%,0.2%,1225
,,,Creta Style 1.5 IVT,1500,AT,G,40,1660,-,215/60/R17,115,2610,4315 x 1790 x 1630,5,4X2,FF,-,5,4,CKD,INA,167,112,139,52,86,97,56,65,31,111,99,58,0.2%,0.2%,1073
,,,Creta Prime 1.5 IVT,1500,AT,G,40,1660,-,215/60/R17,115,2610,4315 x 1790 x 1630,5,4X2,FF,-,5,4,CKD,INA,323,291,295,107,127,71,102,147,101,187,227,310,0.5%,0.4%,2288
,,,Creta Prime 1.5 IVT  Two Tone,1500,AT,G,40,1660,-,215/60/R17,115,2610,4315 x 1790 x 1630,5,4X2,FF,-,5,4,CKD,INA,579,391,557,220,218,245,78,238,251,247,353,297,0.8%,0.7%,3674
,,,Stargazer Active MT,1500,MT,G,40,1780,-,205/55/R15,115,2780,4460 x 1780 x 1695,7,4X2,FF,-,5,4,CBU,-,3,2,13,5,11,2,-,8,7,16,8,-,0%,0%,75
,,,Stargazer Active IVT,1500,AT,G,40,1830,-,205/55/R15,115,2780,4460 x 1780 x 1695,7,4X2,FF,-,5,4,CKD,INA,31,25,3,19,42,18,-,17,13,8,49,29,0.1%,0%,254
,,,Stargazer Trend MT  7 Seat,1500,MT,G,40,1780,-,205/55/R16,115,2780,4460 x 1780 x 1695,7,4X2,FF,-,5,4,CKD,INA,70,137,44,8,23,45,13,20,31,-,18,14,0.1%,0.1%,423
,,,Stargazer Trend MT  6 Seat,1500,MT,G,40,1780,-,205/55/R16,115,2780,4460 x 1780 x 1695,6,4X2,FF,-,5,4,CKD,INA,3,14,15,6,3,-,-,1,-,-,-,-,0%,0%,42
,,,Stargazer Trend IVT  7 Seat,1500,AT,G,40,1830,-,205/55/R16,115,2780,4460 x 1780 x 1695,7,4X2,FF,-,5,4,CKD,INA,127,113,89,40,189,138,-,-,-,-,1,-,0.2%,0.1%,697
,,,Stargazer Trend IVT  6 Seat,1500,AT,G,40,1830,-,205/55/R16,115,2780,4460 x 1780 x 1695,6,4X2,FF,-,5,4,CKD,INA,28,45,43,21,48,-,-,-,-,-,4,-,0%,0%,189
,,,Stargazer Style 7 Seat,1500,AT,G,40,1830,-,205/55/R16,115,2780,4460 x 1780 x 1695,7,4X2,FF,-,5,4,CKD,INA,4,22,33,10,33,24,-,-,1,-,3,-,0%,0%,130
,,,Stargazer Style 6 Seat,1500,AT,G,40,1830,-,205/55/R16,115,2780,4460 x 1780 x 1695,6,4X2,FF,-,5,4,CKD,INA,13,14,30,17,27,-,2,-,-,1,1,1,0%,0%,106
,,,Stargazer Prime 7 Seat,1500,AT,G,40,1830,-,205/55/R16,115,2780,4460 x 1780 x 1695,7,4X2,FF,-,5,4,CKD,INA,479,329,230,133,131,150,56,250,207,151,146,192,0.6%,0.4%,2454
,,,Stargazer Prime 6 Seat,1500,AT,G,40,1830,-,205/55/R16,115,2780,4460 x 1780 x 1695,6,4X2,FF,-,5,4,CKD,INA,1013,439,390,301,377,337,215,439,380,388,424,305,1.2%,0.9%,5008
,,,Stargazer Prime 7 Seat Two Tone,1500,AT,G,40,1830,-,205/55/R16,115,2780,4460 x 1780 x 1695,7,4X2,FF,-,5,4,CKD,INA,80,71,59,18,18,25,8,42,32,50,79,41,0.1%,0.1%,523
,,,Stargazer Prime 6 Seat Two Tone,1500,AT,G,40,1830,-,205/55/R16,115,2780,4460 x 1780 x 1695,6,4X2,FF,-,5,4,CKD,INA,523,286,206,106,69,87,39,261,161,338,118,203,0.6%,0.4%,2397
,,,Stargazer Essential  MT  7 Seat,1500,MT,G,40,1830,-,205/55/R16,115,2780,4460 x 1780 x 1695,6,4X2,FF,-,5,4,CKD,INA,-,-,-,-,-,-,-,1,-,9,6,5,0%,0%,21
,,,Stargazer Essential  MT  6 Seat,1500,MT,G,40,1830,-,205/55/R16,115,2780,4460 x 1780 x 1695,6,4X2,FF,-,5,4,CKD,INA,-,-,-,-,-,-,-,1,-,1,4,7,0%,0%,13
,,,Stargazer Essential  IVT  7 Seat,1500,AT,G,40,1830,-,205/55/R16,115,2780,4460 x 1780 x 1695,6,4X2,FF,-,5,4,CKD,INA,-,-,-,-,-,-,208,32,23,36,31,105,0.1%,0.1%,435
,,,Stargazer Essential  IVT  6 Seat,1500,AT,G,40,1830,-,205/55/R16,115,2780,4460 x 1780 x 1695,6,4X2,FF,-,5,4,CKD,INA,-,-,-,-,-,-,32,81,57,38,39,22,0.1%,0%,269
,,,Stargazer X Style 7 Seat,1500,AT,G,40,1830,-,205/55/R16,115,2780,4460 x 1780 x 1695,6,4X2,FF,-,5,4,CKD,INA,-,-,-,-,-,-,-,-,-,2,3,1,0%,0%,6
,,,Stargazer X Style 6 Seat,1500,AT,G,40,1830,-,205/55/R16,115,2780,4460 x 1780 x 1695,6,4X2,FF,-,5,4,CKD,INA,-,-,-,-,-,-,-,-,2,2,2,5,0%,0%,11
,,,Stargazer X Prime 7 Seat,1500,AT,G,40,1830,-,205/55/R16,115,2780,4460 x 1780 x 1695,6,4X2,FF,-,5,4,CKD,INA,-,-,-,-,-,-,11,244,129,81,93,136,0.2%,0.1%,694
,,,Stargazer X Prime 6 Seat,1500,AT,G,40,1830,-,205/55/R16,115,2780,4460 x 1780 x 1695,6,4X2,FF,-,5,4,CKD,INA,-,-,-,-,-,-,118,534,483,230,223,149,0.4%,0.3%,1737
,,,Stargazer X Prime 7 Seat Two Tone,1500,AT,G,40,1830,-,205/55/R16,115,2780,4460 x 1780 x 1695,6,4X2,FF,-,5,4,CKD,INA,-,-,-,-,-,-,-,2,32,11,17,24,0%,0%,86
,,,Stargazer X Prime 6 Seat Two Tone,1500,AT,G,40,1830,-,205/55/R16,115,2780,4460 x 1780 x 1695,6,4X2,FF,-,5,4,CKD,INA,-,-,-,-,-,-,1,28,123,52,44,68,0.1%,0.1%,316
,,,Ioniq5,-,AT,BEV,-,-,-,-,-,-,-,5,4X2,FF,-,5,4,CKD,INA,-,-,-,-,-,-,-,-,-,-,2,-,0%,0%,2
,,,Ioniq5 Prime Reguler,-,AT,BEV,-,-,-,-,-,-,-,5,4X2,FF,-,5,4,CKD,INA,3,7,-,-,5,4,-,1,19,14,1,-,0%,0%,54
,,,Ioniq5 Prime Extended,-,AT,BEV,-,-,-,-,-,-,-,5,4X2,FF,-,5,4,CKD,INA,36,15,22,65,29,17,36,14,27,77,101,49,0.1%,0.1%,488
,,,Ioniq5 Signature Reguler,-,AT,BEV,-,-,-,-,-,-,-,5,4X2,FF,-,5,4,CKD,INA,1,59,10,26,27,19,18,24,61,19,15,19,0.1%,0.1%,298
,,,Ioniq5 Signature Extended,-,AT,BEV,-,-,-,-,-,-,-,5,4X2,FF,-,5,4,CKD,INA,194,132,560,625,857,830,222,457,686,609,606,556,1.5%,1.1%,6334
,,KIA,Seltos,1353,AT,G,55,1705,-,215/60 R17,140/6000,2610,4315 x 1800 x 1620,5,4X2,FF,7,5,4,CBU,India,-,1,21,23,16,11,9,16,3,5,17,8,0%,0%,130
,,,Seltos CRDi,1353,AT,G,55,1705,-,215/60 R17,140/6000,2610,4315 x 1800 x 1620,5,4X2,FF,7,5,4,CBU,India,-,-,-,-,-,-,-,-,-,-,-,-,0%,0%,-
,,,Sonet Premiere,1500,AT,G,55,1705,-,215/60 R17,140/6000,2610,4315 x 1800 x 1620,5,4X2,FF,7,5,4,CBU,India,8,35,80,36,109,59,121,89,56,13,23,32,0.2%,0.1%,661
,,,Sonet Premiere,1500,MT,G,55,1705,-,215/60 R17,140/6000,2610,4315 x 1800 x 1620,5,4X2,FF,7,5,4,CBU,India,-,-,-,-,-,-,-,-,-,-,-,-,0%,0%,-
,,,Carens,1353,AT,G,80,2960,3195,235/60 R18,270/6400,3090,5155 x 2000 x 1785,11,4X2,FF,8,5,4,CBU,India,-,-,-,-,-,-,-,1,-,-,-,-,0%,0%,1
,,,Carens,1497,AT,G,80,2960,3195,235/60 R18,202/3800,3090,5155 x 2000 x 1785,11,4X2,FF,8,5,4,CBU,India,8,21,52,44,38,5,7,66,44,21,23,-,0.1%,0.1%,329
,,MAZDA,Mazda 2 GT  AT,1498,AT,G,43,-,4147,195/45R16,103,2490,3913 x 1695 x 1475,5,4X2,FF,-,5,4,CBU,Thailand,7,8,15,5,9,6,5,5,6,3,4,12,0%,0%,85
,,MORRIS GARAGE,ZS Excite,1498,AT,G,48,1258,-,205/60 R16,114,2585,4314 x 1809 x 1624,5,4X2,FF,4,5,4,CBU,Thailand,-,-,-,-,-,-,-,-,-,-,-,-,0%,0%,-
,,,ZS Ignite,1498,AT,G,48,1258,-,215/50 R17,114,2585,4314 x 1809 x 1624,5,4X2,FF,4,5,4,CBU,Thailand,-,-,-,-,-,-,-,1,-,-,-,-,0%,0%,1
,,,ZS Activate 1.5L CVT,1498,AT,G,48,1258,-,215/60 R16,114,2585,4323 x 1809 x 1628,5,4X2,FF,4,5,4,CBU,Thailand,-,3,2,-,-,2,-,-,-,-,-,-,0%,0%,7
,,,ZS Ignite 1.5L CVT,1498,AT,G,48,1258,-,215/60 R16,114,2585,4323 x 1809 x 1653,5,4X2,FF,4,5,4,CBU,Thailand,-,2,1,1,-,-,-,5,2,1,-,2,0%,0%,14
,,,ZS Magnify 1.5L CVT,1498,AT,G,48,1258,-,215/55 R17,114,2585,4323 x 1809 x 1653,5,4X2,FF,4,5,4,CBU,Thailand,8,39,64,14,21,9,23,48,48,13,23,60,0.1%,0.1%,370
,,,ZS EV,-,AT,BEV,-,1532,-,215/50 R17,143,2585,4314 x 1809 x 1644,5,4X2,FF,-,5,4,CBU,China,-,-,2,-,-,-,-,-,-,-,-,-,0%,0%,2
,,,HS Excite,1490,AT,G,55,1510,-,215/60 R17,162,2720,4574 x 1876 x 1664,5,4X2,FF,7,5,4,CBU,Thailand,-,-,-,-,-,-,-,-,-,-,-,-,0%,0%,-
,,,HS Ignite,1490,AT,G,55,1510,-,235/50 R18,162,2720,4574 x 1876 x 1664,5,4X2,FF,7,5,4,CBU,Thailand,1,-,-,-,-,-,-,-,1,-,-,-,0%,0%,2
,,,HS i-Smart Magnify,1490,AT,G,55,1510,-,235/50 R18,162,2720,4574 x 1876 x 1664,5,4X2,FF,7,5,4,CBU,Thailand,6,6,9,3,6,5,1,12,-,-,5,-,0%,0%,53
,,,New HS Activate,1490,AT,G,55,1510,-,215/60 R17,162,2720,4574 x 1876 x 1664,5,4X2,FF,7,5,4,CBU,Thailand,-,-,-,1,-,1,-,-,-,-,-,-,0%,0%,2
,,,New HS Ignite,1490,AT,G,55,1510,-,235/50 R18,162,2720,4574 x 1876 x 1664,5,4X2,FF,7,5,4,CBU,Thailand,-,1,2,2,2,3,-,-,2,1,-,-,0%,0%,13
,,,New HS i-Smart Magnify,1490,AT,G,55,1510,-,235/50 R18,162,2720,4574 x 1876 x 1664,5,4X2,FF,7,5,4,CBU,Thailand,18,21,9,10,15,5,6,13,15,5,6,6,0%,0%,129
,,,4 EV Ignite,-,AT,BEV,-,-,-,215/50 R17,125,2705,4278 x 1836 x 1516,5,4X2,FR,-,5,4,CBU,China,-,-,-,-,-,-,8,5,3,1,10,-,0%,0%,27
,,,4 EV Ignite,-,AT,BEV,-,-,-,215/50 R17,125,2705,4278 x 1836 x 1516,5,4X2,FR,-,5,4,CBU,China,-,-,-,-,-,-,28,11,22,3,7,1,0%,0%,72
,,MINI,Cooper 5 Door A/T,1499,AT,G,40,1710,-,205/45 R17 88W,-,2567,3982 x 1727 x 1425,-,4X2,FR,-,-,4,CBU,UK,-,-,-,-,-,-,-,1,2,1,-,1,0%,0%,5
,,,Cooper Clubman A/T,1499,AT,G,48,1890,-,225/45 R17 94Y,136,2670,4266 x 1800 x 1441,-,4X2,FR,-,4,4,CBU,UK,-,-,-,-,-,-,-,-,3,1,1,-,0%,0%,5
,,,Cooper Countryman F60 CKD A/T,1499,AT,G,61,1985,-,225/50 R18 95W,136,2670,4299 x 1822 x 1557,-,4X2,FR,-,-,4,CKD,INA,-,-,-,-,-,-,-,-,-,-,-,-,0%,0%,-
,,,Cooper Countryman F60 CKD A/T,1499,AT,G,61,1985,-,225/50 R18 95W,136,2670,4299 x 1822 x 1557,-,4X2,FF,-,-,4,CKD,INA,-,-,-,5,-,4,2,17,10,1,3,6,0%,0%,48
,,,Cooper SE Hatch A/T,-,AT,BEV,-,1775,-,205/45 R17 88W,-,2495,3850 x 1727 x 1432,-,4X2,FF,-,-,4,CBU,UK,-,-,17,6,14,2,23,20,27,10,16,50,0%,0%,185
,,MITSUBISHI MOTORS,Eclipse Cross,1499,AT,G,63,2100,-,225/55 R18,150,2670,4405 X 1805 X 1674,5,4X2,FF,-,4,4,CBU,Japan,-,-,-,-,-,-,-,-,-,-,-,-,0%,0%,-
,,,Xpander 1.5L ULTIMATE (4X2) CVT,1499,CVT,G,45,1840,4375,205/55 R17,104,2775,4595 X 1750 X 1750,7,4X2,FF,-,4,4,CKD,INA,1521,1018,1216,1018,885,981,739,970,933,976,950,961,2.8%,2.2%,12168
,,,Xpander 1.5L SPORT  (4X2) CVT,1499,CVT,G,45,1840,4375,195/65 R16,104,2775,4595 X 1750 X 1750,7,4X2,FF,-,4,4,CKD,INA,31,33,54,18,21,33,21,27,7,16,6,7,0.1%,0%,274
,,,Xpander 1.5L SPORT  (4X2) M/T,1499,AT,G,45,1840,4375,195/65 R16,104,2775,4595 X 1750 X 1750,7,4X2,FF,-,4,4,CKD,INA,157,130,30,17,14,66,65,28,25,35,19,32,0.1%,0.1%,618
,,,Xpander 1.5L EXCEED (4X2) CVT,1499,CVT,G,45,1840,4375,195/65 R16,104,2775,4595 X 1750 X 1750,7,4X2,FF,-,4,4,CKD,INA,202,281,381,241,286,285,284,306,339,290,627,366,0.9%,0.7%,3888
,,,Xpander 1.5L EXCEED (4X2) M/T,1499,AT,G,45,1840,4375,195/65 R16,104,2775,4595 X 1750 X 1750,7,4X2,FF,-,4,4,CKD,INA,210,154,183,214,149,211,179,142,133,183,267,299,0.5%,0.4%,2324
,,,Xpander 1.5L GLS (4X2) CVT,1499,CVT,G,45,1840,4375,195/65 R16,104,2775,4595 X 1750 X 1730,7,4X2,FF,-,4,4,CKD,INA,125,155,191,110,68,55,43,65,54,48,33,29,0.2%,0.2%,976
,,,Xpander 1.5L GLS (4X2) M/T,1499,AT,G,45,1840,4375,195/65 R16,104,2775,4595 X 1750 X 1730,7,4X2,FF,-,4,4,CKD,INA,166,36,113,190,78,24,101,65,30,87,81,32,0.2%,0.2%,1003
,,,Xpander Cross 1.5L PREMIUM  (4X2) CVT,1499,CVT,G,45,1840,4375,205/55 R17,105,2775,4500 X 1800 X 1750,7,4X2,FF,-,4,4,CKD,INA,1936,1486,1880,1724,1092,952,1280,1028,1089,999,929,1099,3.6%,2.8%,15494
,,,Xpander Cross 1.5L (4X2) CVT,1499,CVT,G,45,1840,4375,205/55 R17,105,2775,4500 X 1800 X 1750,7,4X2,FF,-,4,4,CKD,INA,-,-,-,-,-,-,-,-,-,-,-,-,0%,0%,-
,,,Xpander Cross 1.5L (4X2) M/T,1499,AT,G,45,1840,4375,205/55 R17,105,2775,4500 X 1800 X 1750,7,4X2,FF,-,4,4,CKD,INA,228,289,272,215,183,232,237,210,147,219,172,206,0.6%,0.5%,2610
,,,Xforce Ultimate 1.5L 4X2 A/T,1499,AT,G,42,1730,5698,225/50/R18,105,2650,4390x1810x1660,5,4X2,FF,-,4,4,CKD,INA,-,-,-,-,-,-,-,-,-,77,1094,1403,0.6%,0.5%,2574
,,,Xforce Exceed 1.5L 4X2 A/T,1499,AT,G,42,1730,5698,225/50/R18,105,2650,4390x1810x1660,5,4X2,FF,-,4,4,CKD,INA,-,-,-,-,-,-,-,-,-,2,110,37,0%,0%,149
,,MERCEDES-BENZ PC,EQA 250,-,AT,BEV,-,-,-,-,-,-,-,5,4X2,FR,-,5,4,CBU,-,-,-,-,-,-,-,-,13,7,5,1,-,0%,0%,26
,,,EQB 250,-,AT,BEV,-,-,-,-,-,-,-,5,4X2,FR,-,5,4,CBU,-,-,-,-,-,-,-,-,12,5,9,2,5,0%,0%,33
,,,GLA 200 Progressive Line ( H247),1332,AT,G,43,1885,7,225/45 R18,163,2729,"4,419 x 1,992 x 1,44",5,4X2,FF,-,5,4,CBU,-,-,-,-,-,-,-,-,-,-,-,-,-,0%,0%,-
,,,GLB 200 Progressive Line ( X247),1332,AT,G,43,1885,7,225/45 R18,163,2729,"4,419 x 1,992 x 1,44",5,4X2,FF,-,5,4,CBU,-,12,1,4,29,17,21,9,1,2,-,4,4,0%,0%,104
,,NISSAN,Livina EL M/T,1498,MT,G,-,-,-,-,-,-,-,-,4X2,-,-,-,-,CKD,INA,2,1,2,-,-,-,-,-,-,-,-,-,0%,0%,5
,,,Livina VE,1498,AT,G,-,-,-,-,-,-,-,-,4X2,-,-,-,-,CKD,INA,-,16,5,4,34,7,7,4,-,-,-,-,0%,0%,77
,,,Livina VL,1498,AT,G,-,-,-,-,-,-,-,-,4X2,-,-,-,-,CKD,INA,67,81,103,69,8,26,18,27,28,14,15,30,0.1%,0.1%,486
,,,KICKS E-POWER,1200,AT,HYBRID,-,-,-,-,-,-,-,-,4X2,-,-,-,-,CKD,INA,11,16,13,-,37,11,6,9,20,7,8,3,0%,0%,141
,,,Leaf,-,AT,BEV,-,-,-,-,-,-,-,-,4X2,-,-,-,-,CBU,Japan,4,21,1,9,10,16,2,10,-,-,-,-,0%,0%,73
,,,Magnite Premium  Turbo CVT,999,AT,G,-,-,-,-,-,-,"3.994 x 1,758 x 1.57",5,4X2,-,-,5,4,CBU,Thailand,-,12,1,26,13,12,37,64,8,29,16,31,0.1%,0%,249
,,,Magnite Premium  Turbo MT,999,MT,G,-,-,-,-,-,-,"3.994 x 1,758 x 1.57",5,4X2,-,-,5,4,CBU,Thailand,1,1,7,-,1,1,-,17,-,1,-,-,0%,0%,29
,,,Magnite Premium  Upper Turbo CVT,999,AT,G,-,-,-,-,-,-,"3.994 x 1,758 x 1.57",5,4X2,-,-,5,4,CBU,Thailand,4,-,-,2,-,-,-,6,-,-,-,-,0%,0%,12
,,,Magnite Premium  Upper Turbo MT,999,MT,G,-,-,-,-,-,-,"3.994 x 1,758 x 1.57",5,4X2,-,-,5,4,CBU,Thailand,2,1,1,1,-,-,-,8,-,-,-,-,0%,0%,13
,,,Magnite Premium  Mid Turbo MT,999,MT,G,-,-,-,-,-,-,"3.994 x 1,758 x 1.57",5,4X2,-,-,5,4,CBU,Thailand,-,-,-,-,-,-,-,-,-,-,-,-,0%,0%,-
,,NETA,NETA V EV,-,AT,BEV,-,1151,-,185/55R16,95,2420,4070x1690x1540,5,4X2,FF,-,5,4,CBU,China,-,-,-,-,-,-,-,-,-,-,100,81,0%,0%,181
,,PEUGEOT,2008 AT,1199,AT,G,43,1353,6,215/60/ R17,130,2612,"4,312 x 1,785 x 1,54",5,4X2,FF,6,5,4,CBU,Malaysia,2,1,2,6,4,-,2,1,3,3,2,1,0%,0%,27
,,SUZUKI,Ignis GX MT,1197,MT,G,43,1430,4388,185/60 R15,85,2360,3715 X 1680 X 1618,5,4X2,FF,-,4,4,CBU,India,28,18,37,89,115,90,12,5,1,1,-,-,0.1%,0.1%,396
,,,Ignis GX AT,1197,AT,G,43,1430,4375,185/60 R15,85,2360,3715 X 1680 X 1618,5,4X2,FF,-,4,4,CBU,India,169,48,65,43,38,75,71,68,76,58,73,72,0.2%,0.2%,856
,,,S-Presso MT,998,MT,G,-,-,-,-,-,-,-,-,4X2,FF,-,-,-,CBU,India,-,205,81,61,68,120,139,146,128,123,12,83,0.3%,0.2%,1166
,,,S-Presso AT,998,AT,G,-,-,-,-,-,-,-,-,4X2,FF,-,-,-,CBU,India,-,27,493,219,85,198,266,251,229,143,223,317,0.6%,0.4%,2451
,,,All  New Ertiga GA,1462,MT,G,45,1765,4687,185/65 R15,92,2740,4265 X 1695 X 1685,7,4X2,FF,-,4,4,CKD,INA,8,16,19,12,13,9,8,5,5,10,9,3,0%,0%,117
,,,All  New Ertiga GL MT,1462,MT,G,45,1765,4687,185/65 R15,92,2740,4265 X 1695 X 1685,7,4X2,FF,-,4,4,CKD,INA,145,193,240,171,170,124,112,166,102,190,126,159,0.4%,0.3%,1898
,,,All  New Ertiga GX MT,1462,MT,G,45,1775,4687,185/65 R15,92,2740,4265 X 1695 X 1685,7,4X2,FF,-,4,4,CKD,INA,-,-,-,-,-,-,-,-,-,-,-,-,0%,0%,-
,,,All  New Ertiga GL AT,1462,AT,G,45,1775,4545,185/65 R15,92,2740,4265 X 1695 X 1685,7,4X2,FF,-,4,4,CKD,INA,157,212,161,131,171,89,95,86,92,53,104,144,0.3%,0.3%,1495
,,,All  New Ertiga GX Hybrid,1462,MT,HYBRID,45,1775,4687,185/65 R15,92,2740,4325 X 1695 X 1685,7,4X2,FF,-,5,4,CKD,INA,188,112,125,136,163,65,55,122,62,70,85,53,0.3%,0.2%,1236
,,,All  New Ertiga GX Hybrid,1462,AT,HYBRID,45,1855,4687,185/65 R15,92,2740,4265 X 1695 X 1685,7,4X2,FF,-,5,4,CKD,INA,345,176,357,234,209,90,113,155,119,77,301,205,0.5%,0.4%,2381
,,,All  New Ertiga SX Hybrid,1462,MT,HYBRID,45,1775,4687,185/65 R15,92,2740,4325 X 1695 X 1685,7,4X2,FF,-,5,4,CKD,INA,64,50,68,66,67,22,20,44,25,24,47,13,0.1%,0.1%,510
,,,All  New Ertiga SS Hybrid,1462,AT,HYBRID,45,1855,4687,185/65 R15,92,2740,4265 X 1695 X 1685,7,4X2,FF,-,5,4,CKD,INA,188,201,233,169,187,80,57,68,85,88,159,86,0.4%,0.3%,1601
,,,Xl-7 Zeta MT,1462,MT,G,45,1720,4353,195/65 R16,105,2740,4450 X 1775 X 1710,7,4X2,FF,-,4,4,CKD,INA,67,190,117,3,235,99,144,317,207,188,184,360,0.5%,0.4%,2111
,,,Xl-7 Zeta AT,1462,AT,G,45,1730,4375,195/65 R16,105,2740,4450 X 1775 X 1710,7,4X2,FF,-,4,4,CKD,INA,63,120,96,1,239,128,282,354,267,220,266,465,0.6%,0.5%,2501
,,,Xl-7 Beta MT,1462,MT,G,45,1720,4353,195/65 R16,105,2740,4450 X 1775 X 1710,7,4X2,FF,-,4,4,CKD,INA,118,155,121,4,-,-,-,-,-,-,-,-,0.1%,0.1%,398
,,,Xl-7 Beta AT,1462,AT,G,45,1730,4375,195/65 R16,105,2740,4450 X 1775 X 1710,7,4X2,FF,-,4,4,CKD,INA,231,376,477,41,-,-,-,-,-,-,-,-,0.3%,0.2%,1125
,,,Xl-7 Alpha MT,1462,MT,G,45,1720,4353,195/65 R16,105,2740,4450 X 1775 X 1710,7,4X2,FF,-,4,4,CKD,INA,89,168,101,7,-,-,-,-,-,-,-,-,0.1%,0.1%,365
,,,Xl-7 Alpha AT,1462,AT,G,45,1730,4375,195/65 R16,105,2740,4450 X 1775 X 1710,7,4X2,FF,-,4,4,CKD,INA,492,483,411,11,17,-,1,-,-,-,-,-,0.3%,0.3%,1415
,,,Xl-7   Beta Hybrid MT,1462,MT,HYBRID,45,1730,4375,195/65 R16,105,2740,4450 X 1775 X 1710,7,4X2,FF,-,5,4,CKD,INA,-,-,-,-,-,201,51,101,62,100,124,134,0.2%,0.1%,773
,,,Xl-7 Beta Hybrid AT,1462,AT,HYBRID,45,1730,4375,195/65 R16,105,2740,4450 X 1775 X 1710,7,4X2,FF,-,5,4,CKD,INA,-,-,-,-,-,346,133,285,240,201,634,445,0.5%,0.4%,2284
,,,Xl-7 Alpha Hybrid MT,1462,MT,HYBRID,45,1730,4375,195/65 R16,105,2740,4450 X 1775 X 1710,7,4X2,FF,-,5,4,CKD,INA,-,-,-,-,-,168,149,123,131,135,157,108,0.2%,0.2%,971
,,,Xl-7 Alpha Hybrid AT,1462,AT,HYBRID,45,1730,4375,195/65 R16,105,2740,4450 X 1775 X 1710,7,4X2,FF,-,5,4,CKD,INA,-,-,-,-,-,835,539,463,474,503,567,489,0.9%,0.7%,3870
,,,New Baleno,1490,MT,G,-,1650,-,195/55 R15,110,2480,4350 X 1690 X 1545,5,4X2,FF,-,4,4,CBU,India,19,15,7,29,65,42,102,67,-,-,-,-,0.1%,0.1%,346
,,,New Baleno AT,1490,AT,G,-,1650,-,195/55 R15,110,2480,4350 X 1690 X 1545,5,4X2,FF,-,4,4,CBU,India,149,79,319,30,209,238,227,199,324,292,201,211,0.6%,0.4%,2478
,,,New SX4 S-Cros,1490,MT,G,48,1670,-,205/60 R16,109,2600,4300 X 1765 X 1690,5,4X2,FF,-,4,4,CBU,India,-,-,-,-,-,-,-,-,-,-,-,-,0%,0%,-
,,,New SX4 S-Cros AT,1490,AT,G,48,1670,-,205/60 R16,109,2600,4300 X 1765 X 1690,5,4X2,FF,-,4,4,CBU,India,71,53,59,18,2,1,-,-,-,-,-,-,0%,0%,204
,,,APV-GE,1495,MT,G,46,1950,4300,185/80 R14,105,2625,4225 X 1655 X 1855,8,4X2,FR,-,5,4,CKD,INA,98,93,70,55,104,195,121,195,135,96,88,62,0.3%,0.2%,1312
,,,APV-GL,1495,MT,G,46,1950,4300,185/80 R14,105,2625,4225 X 1655 X 1855,8,4X2,FR,-,5,4,CKD,INA,8,68,73,46,55,76,118,115,58,69,91,97,0.2%,0.2%,874
,,,APV-GX,1495,MT,G,46,1950,4300,195/65 R15,105,2625,4225 X 1655 X 1855,8,4X2,FR,-,5,4,CKD,INA,54,39,71,35,49,120,140,106,57,85,66,37,0.2%,0.2%,859
,,,APV SGX,1495,MT,G,46,1950,4300,195/65 R15,105,2625,4225 X 1655 X 1855,7,4X2,FR,-,5,4,CKD,INA,15,10,34,20,164,37,14,16,7,19,17,7,0.1%,0.1%,360
,,,Grand Vitara GL AT,1462,AT,G,42,2085,4875,175/70 R13,79,1970,3875 X 1570 X 1915,3,4X2,FR,-,2,4,CBU,India,-,-,-,-,50,15,-,14,4,9,11,8,0%,0%,111
,,,Grand Vitara GX AT,1462,AT,G,42,2085,4875,175/70 R13,79,1970,3875 X 1570 X 1915,3,4X2,FR,-,2,4,CBU,India,-,-,-,-,102,94,48,90,89,47,56,65,0.1%,0.1%,591
,,,Grand Vitara 2TONE GX AT,1462,AT,G,42,2085,4875,175/70 R13,79,1970,3875 X 1570 X 1915,3,4X2,FR,-,2,4,CBU,India,-,-,-,-,298,152,47,107,111,33,75,50,0.2%,0.2%,873
,,TOYOTA,All  New Agya 1.2 Gr-S MT  Fmc 2023,1197,MT,G,33,-,4485,175/65R14,88 / 6000,-,3830X1665X1505,5,4X2,FF,-,5,4,CKD,INA,-,-,123,58,104,21,5,1,-,-,-,-,0.1%,0.1%,312
,,,All  New Agya 1.2 Gr-S Cvt Fmc 2023,1197,CVT,G,33,-,4485,175/65R14,88 / 6000,-,3830X1665X1505,5,4X2,FF,-,5,4,CKD,INA,-,-,503,257,223,75,41,73,43,28,34,13,0.3%,0.2%,1290
,,,Avanza 1.3 AT  Transmover,1298,AT,G,45,1085,5571,185/70R14,92 / 6000,2655,4140X1660X1695,7,4X2,FR,4,5,4,CKD,INA,2,301,280,450,2,1,249,1205,91,3,148,-,0.6%,0.5%,2732
,,,All  New Avanza 1.3 E 2021,1298,MT,G,45,1085,4875,185/65R15,104 / 6000,2655,4140X1660X1695,7,4X2,FF,5,5,4,CKD,INA,1799,1398,1161,736,642,989,1353,1207,818,1488,1197,1258,3.2%,2.5%,14046
,,,All  New Avanza 1.3 E Cvt 2021,1298,AT,G,45,1085,4875,185/65R15,104 / 6000,2655,4140X1660X1695,7,4X2,FF,5,5,4,CKD,INA,951,837,772,453,1069,941,789,975,635,820,1053,981,2.4%,1.9%,10276
,,,All  New Avanza 1.5 G 2021,1495,MT,G,45,1085,4875,185/65R15,104 / 6000,2655,4140X1660X1695,7,4X2,FF,5,5,4,CKD,INA,2091,1699,2027,893,1725,814,1102,1187,1255,1496,1699,1744,4.1%,3.2%,17732
,,,All  New Avanza 1.5 G CVT  2021,1497,AT,G,-,-,-,185/60 R15,107 / 6000,-,4235X1695X1690,7,4X2,FF,5,5,4,CKD,INA,925,1328,1391,1195,1830,1469,1239,1701,1173,1471,1810,1857,4%,3.1%,17389
,,,All  New Avanza 1.5 G CVT  TSS 2021,1497,AT,G,-,-,-,185/60 R15,107 / 6000,-,4235X1695X1690,7,4X2,FF,5,5,4,CKD,INA,4,2,10,-,9,25,26,8,3,-,10,3,0%,0%,100
,,,All  New Veloz 1.5 2021,1497,MT,G,-,-,-,185/60 R15,107 / 6000,-,4235X1695X1690,7,4X2,FF,5,5,4,CKD,INA,924,380,463,192,312,141,150,180,102,287,326,382,0.9%,0.7%,3839
,,,All  New Veloz 1.5 CVT  2021,1497,AT,G,-,-,-,185/60 R15,107 / 6000,-,4235X1695X1690,7,4X2,FF,5,5,4,CKD,INA,20,15,95,42,125,204,57,87,47,107,73,84,0.2%,0.2%,956
,,,All  New Veloz 1.5 Q Cvt 2021,1497,AT,G,-,-,-,185/60 R15,107 / 6000,-,4235X1695X1690,7,4X2,FF,5,5,4,CKD,INA,1267,659,1563,1189,1024,1330,941,771,1126,838,1067,1182,3%,2.3%,12957
,,,All  New Veloz 1.5 Q Cvt Tss 2021,1497,AT,G,-,-,-,185/60 R15,107 / 6000,-,4235X1695X1690,7,4X2,FF,5,5,4,CKD,INA,344,448,402,278,96,249,283,228,151,155,225,209,0.7%,0.6%,3068
,,,Sienta V 1.5 CVT  Welcab,1497,A/T,G,-,-,-,195/50 R16,107 / 6000,-,4235X1695X1690,7,4X2,FR,5,5,4,CKD,INA,1,-,-,-,-,-,-,-,-,-,-,-,0%,0%,1
,,,Raize 1.0T  G One Tone New 2021,998,MT,G,36,1680,5462,235/60R16,98 / 6000,2525,4030X1710X1635,5,4X2,FF,5,5,4,CKD,INA,155,60,72,12,18,56,98,95,63,49,44,37,0.2%,0.1%,759
,,,Raize 1.0T  G Two Tone New 2021,998,MT,G,36,1680,5462,235/60R16,98 / 6000,2525,4030X1710X1635,5,4X2,FF,5,5,4,CKD,INA,-,-,-,-,-,-,-,-,-,-,-,-,0%,0%,-
,,,Raize 1.0T  G CVT  One Tone New 2021,998,CVT,G,36,1680,5105,235/60R16,98 / 6000,2525,4030X1710X1635,5,4X2,FF,5,5,4,CKD,INA,118,245,271,119,70,234,290,214,149,113,197,151,0.5%,0.4%,2171
,,,Raize 1.0T  G CVT  Two Tone New 2021,998,CVT,G,36,1680,5105,235/60R16,98 / 6000,2525,4030X1710X1635,5,4X2,FF,5,5,4,CKD,INA,8,5,5,4,18,10,23,19,5,4,8,6,0%,0%,115
,,,Raize 1.0T  GR CVT  One Tone New 2021,998,CVT,G,36,1680,5105,235/60R16,98 / 6000,2525,4030X1710X1635,5,4X2,FF,5,5,4,CKD,INA,243,222,432,129,294,405,360,298,171,222,293,181,0.7%,0.6%,3250
,,,Raize 1.0T  GR CVT  Two Tone New 2021,998,CVT,G,36,1680,5105,235/60R16,98 / 6000,2525,4030X1710X1635,5,4X2,FF,5,5,4,CKD,INA,241,604,720,153,200,527,582,462,220,269,288,273,1%,0.8%,4539
,,,Raize 1.0T  GR TSS CVT  One Tone New 2021,998,CVT,G,36,1680,5105,235/60R16,98 / 6000,2525,4030X1710X1635,5,4X2,FF,5,5,4,CKD,INA,18,10,12,-,23,3,4,26,6,23,1,-,0%,0%,126
,,,Raize 1.0T  GR TSS CVT  Two Tone New 2021,998,CVT,G,36,1680,5105,235/60R16,98 / 6000,2525,4030X1710X1635,5,4X2,FF,5,5,4,CKD,INA,135,11,70,63,99,195,175,105,46,73,113,51,0.3%,0.2%,1136
,,,Raize 1.2T  G New 2021,998,MT,G,36,1680,5462,235/60R16,98 / 6000,2525,4030X1710X1635,5,4X2,FF,5,5,4,CKD,INA,2,30,33,24,18,26,49,82,26,18,19,9,0.1%,0.1%,336
,,,Raize 1.2T  G CVT  New 2021,998,CVT,G,36,1680,5105,235/60R16,98 / 6000,2525,4030X1710X1635,5,4X2,FF,5,5,4,CKD,INA,395,570,730,90,493,115,370,427,407,422,659,389,1.2%,0.9%,5067
,,,New Rush 1.5 S MT  Mi  TRD Sportivo,1500,MT,G,45,1200,5857,235/60R16,109 / 6000,2685,4420X1745X1740,5,4X2,FR,-,5,4,CKD,INA,-,-,1,-,-,-,-,-,-,-,-,-,0%,0%,1
,,,New Rush 1.5 S MT  Mi  TRD Sportivo AT,1500,AT,G,45,1200,5857,235/60R16,109 / 6000,2685,4420X1745X1740,5,4X2,FR,-,5,4,CKD,INA,-,-,-,-,-,-,-,-,-,-,-,-,0%,0%,-
,,,New Rush 1.5 G,1496,MT,G,45,1200,5857,215/65R16,104 / 6000,2685,4435X1695X1705,7,4X2,FR,4,5,4,CKD,INA,305,507,517,196,134,187,216,277,334,181,440,282,0.8%,0.6%,3576
,,,New Rush   1.5 G AT,1496,AT,G,45,1200,5857,215/65R16,104 / 6000,2685,4435X1695X1705,7,4X2,FR,4,5,4,CKD,INA,286,218,278,195,204,227,127,245,265,246,393,300,0.7%,0.5%,2984
,,,New Rush1.5 GR Sport 2021,1496,MT,G,45,1200,5857,215/60R17,104 / 6000,2685,4435X1695X1705,7,4X2,FR,4,5,4,CKD,INA,2645,1827,1558,1096,1510,811,1163,1648,1332,1070,1977,2075,4.3%,3.4%,18712
,,,New Rush 1.5 GR Sport AT  2021,1496,AT,G,45,1200,5857,215/60R17,104 / 6000,2685,4435X1695X1705,7,4X2,FR,4,5,4,CKD,INA,1904,1274,1585,646,948,511,1017,890,1094,837,1623,1738,3.2%,2.5%,14067
,,,New Yaris 1.5 G CVT  3 Airbag,1496,AT,G,42,1075,4237,185/60R16,107 / 6000,2550,4145X1730X1500,5,4X2,FF,4,5,4,CKD,INA,1,-,-,-,-,-,-,-,-,-,-,-,0%,0%,1
,,,New Yaris 1.5 GR Sport 3 Airbag 2021,1496,MT,G,42,1055,4058,195/50R16,107 / 6000,2550,4145X1730X1500,5,4X2,FF,5,5,4,CKD,INA,15,5,7,4,-,-,-,-,-,-,-,-,0%,0%,31
,,,New Yaris 1.5 GR Sport 7 Airbag 2021,1496,MT,G,42,1075,4237,195/50R16,107 / 6000,2550,4145X1730X1500,5,4X2,FF,4,5,4,CKD,INA,-,-,-,-,-,-,-,-,-,-,-,-,0%,0%,-
,,,New Yaris 1.5 GR Sport CVT  3 Airbag 2021,1496,AT,G,42,1055,4058,195/50R16,107 / 6000,2550,4145X1730X1500,5,4X2,FF,5,5,4,CKD,INA,237,150,166,21,16,-,-,-,-,-,-,-,0.1%,0.1%,590
,,,New Yaris 1.5 GR Sport CVT  7 Airbag 2021,1496,AT,G,42,1075,4237,195/50R16,107 / 6000,2550,4145X1730X1500,5,4X2,FF,4,5,4,CKD,INA,36,39,36,12,1,-,-,-,-,-,-,-,0%,0%,124
,,,New Yaris 1.5 GR Sport 3 Airbag 2023,1496,MT,G,42,1055,4058,195/50R16,107 / 6000,2550,4145X1730X1500,5,4X2,FF,5,5,4,CKD,INA,-,-,-,-,1,1,-,-,9,1,3,5,0%,0%,20
,,,New Yaris 1.5 GR Sport CVT  3 Airbag 2023,1496,AT,G,42,1055,4058,195/50R16,107 / 6000,2550,4145X1730X1500,5,4X2,FF,5,5,4,CKD,INA,-,-,-,-,213,104,98,81,55,49,39,22,0.2%,0.1%,661
,,,New Yaris 1.5 GR Sport CVT  7 Airbag 2023,1496,AT,G,42,1075,4237,195/50R16,107 / 6000,2550,4145X1730X1500,5,4X2,FF,4,5,4,CKD,INA,-,-,-,-,-,2,3,-,1,-,2,1,0%,0%,9
,,,New Yaris Cross 1.5 G,1496,MT,G,-,-,-,-,-,-,-,5,4X2,FF,4,5,4,CKD,INA,-,-,-,-,-,13,16,8,37,17,2,-,0%,0%,93
,,,New Yaris Cross 1.5 G Cvt,1496,AT,G,-,-,-,-,-,-,-,5,4X2,FF,4,5,4,CKD,INA,-,-,-,-,-,155,49,54,70,35,38,37,0.1%,0.1%,438
,,,New Yaris Cross 1.5 S Cvt Tss,1496,AT,G,-,-,-,-,-,-,-,5,4X2,FF,4,5,4,CKD,INA,-,-,-,-,-,123,31,22,73,18,2,6,0.1%,0%,275
,,,New Yaris Cross 1.5 S Gr Cvt Tss,1496,AT,G,-,-,-,-,-,-,-,5,4X2,FF,4,5,4,CKD,INA,-,-,-,-,-,944,132,39,77,37,17,12,0.3%,0.2%,1258
,,,New Yaris Cross 1.5 S Hv Gr Cvt Tss,1496,AT,HYBRID,-,-,-,-,-,-,-,5,4X2,FF,4,5,4,CKD,INA,-,-,-,-,-,7,735,639,408,198,203,49,0.5%,0.4%,2239
,,,New Yaris Cross 1.5 S Hv Gr Cvt Tss Premium  Color,1496,AT,HYBRID,-,-,-,-,-,-,-,5,4X2,FF,4,5,4,CKD,INA,-,-,-,-,-,90,886,885,361,237,232,134,0.7%,0.5%,2825
,,,New Yaris Cross 1.5 S Hv Cvt Tss,1496,AT,HYBRID,-,-,-,-,-,-,-,5,4X2,FF,4,5,4,CKD,INA,-,-,-,-,-,-,-,51,61,44,55,2,0%,0%,213
,,,New Yaris Cross 1.5 S Hv Cvt Tss Premium  Color,1496,AT,HYBRID,-,-,-,-,-,-,-,5,4X2,FF,4,5,4,CKD,INA,-,-,-,-,-,-,-,21,47,61,63,7,0%,0%,199
,,,BZ4X EV,-,AT,BEV,-,-,-,-,-,-,-,-,-,-,-,2,4,CBU,Japan,7,57,-,-,47,44,207,89,20,3,2,3,0.1%,0.1%,479
,,,RAV 4 GR-S,-,AT,BEV,-,-,-,-,-,-,-,-,-,-,-,2,4,CBU,Japan,-,-,-,-,1,-,-,-,-,7,3,-,0%,0%,11
,,VOLKSWAGEN,Polo 1.2 GT  TSI AT,1200,AT,G,-,-,-,-,-,-,-,5,4X2,FF,-,5,4,CBU,India,3,2,-,-,-,-,-,-,-,-,-,-,0%,0%,5
,,,T-Cross 1.0 TSI AT,999,AT,G,50,-,-,205/55 R17,115,2651,"4,221X1,760X1,612",5,4X2,FF,-,5,4,CBU,India,4,3,2,-,-,5,4,8,5,5,5,4,0%,0%,45
,,,Tiguan Allspace 1.4 TSI AT,1400,AT,G,64,1510,3949,25/55/R17,150,2604,4426 x 1809 x 1703,-,4X2,FF,193,5,4,CKD,INA,12,45,32,10,13,13,18,19,18,5,6,6,0%,0%,197
,,WULING,Confero S 1.5,1500,MT,G,42,-,5,195/60 R15,107,2720,4493X1691X1715,-,4X2,FR,-,5,4,CKD,INA,1,200,955,176,428,513,731,163,433,383,736,538,1.2%,0.9%,5257
,,,Confero S 1.5C,1500,MT,G,42,-,5,195/60 R15,107,2720,4530X1691X1730,-,4X2,FR,-,5,4,CKD,INA,131,-,-,-,-,45,4,1,-,46,55,97,0.1%,0.1%,379
,,,Confero S 1.5L,1500,MT,G,42,-,5,195/60 R15,107,2720,4530X1691X1730,-,4X2,FR,-,5,4,CKD,INA,-,-,-,-,-,45,15,1,2,61,21,66,0%,0%,211
,,,Confero S 1.5L ACT,1500,AT,G,42,-,5,195/60 R15,107,2720,4530X1691X1730,-,4X2,FR,-,5,4,CKD,INA,-,-,-,-,-,25,-,-,10,-,5,-,0%,0%,40
,,,Cortez 1.5C T  MT,1500,MT,G,52,-,4058,205/55 R16,129,2750,4780X1816X1755,-,4X2,FF,-,5,4,CKD,INA,1,3,-,3,30,26,-,-,-,-,-,-,0%,0%,63
,,,Cortez 1.5C T  CVT,1500,AT,G,52,-,4058,205/55 R16,129,2750,4780X1816X1755,-,4X2,FF,-,5,4,CKD,INA,-,-,-,-,-,-,-,-,-,-,-,-,0%,0%,-
,,,Cortez 1.5L T  CVT,1500,AT,G,52,-,4058,205/55 R16,129,2750,4780X1816X1755,-,4X2,FF,-,5,4,CKD,INA,1,-,-,-,2,2,2,-,1,1,1,-,0%,0%,10
,,,Cortez 1.5S T  CVT,1500,AT,G,52,-,4058,205/55 R16,129,2750,4780X1816X1755,-,4X2,FF,-,5,4,CKD,INA,-,41,143,8,1,2,-,-,-,-,-,-,0%,0%,195
,,,Cortez 1.5S T  MT,1500,MT,G,52,-,4058,205/55 R16,129,2750,4780X1816X1755,-,4X2,FF,-,5,4,CKD,INA,-,4,10,9,-,-,1,-,-,50,5,67,0%,0%,146
,,,Cortez 1.5 CE,1500,CVT,G,-,-,-,-,-,-,-,-,-,-,-,5,4,CKD,INA,1,-,3,-,1,11,17,5,8,10,11,9,0%,0%,76
,,,Cortez 1.5 EX,1500,CVT,G,-,-,-,-,-,-,-,-,-,-,-,5,4,CKD,INA,36,33,43,28,29,39,47,19,9,22,18,11,0.1%,0.1%,334
,,,Formo 1.2 BV,1200,MT,G,42,-,5,195/60 R15,107,2720,4530X1691X1730,-,4X2,FR,-,5,4,CKD,INA,-,-,-,-,-,65,15,3,5,11,10,40,0%,0%,149
,,,Formo 1.2,1200,MT,G,42,-,5,195/60 R15,107,2720,4530X1691X1730,-,4X2,FR,-,5,4,CKD,INA,63,-,-,-,-,5,58,45,102,51,75,215,0.1%,0.1%,614
,,,Air EV Lite,-,AT,BEV,-,-,-,-,-,-,-,-,4X2,FR,-,3,4,CKD,INA,-,-,-,-,-,-,-,100,150,256,387,315,0.3%,0.2%,1208
,,,Air EV Standard Range,-,AT,BEV,-,-,-,-,-,-,-,-,4X2,FR,-,3,4,CKD,INA,-,-,2,-,10,41,51,99,203,100,169,231,0.2%,0.2%,906
,,,Air EV Long Range,-,AT,BEV,-,-,-,-,-,-,-,-,4X2,FR,-,3,4,CKD,INA,35,83,419,450,445,166,242,281,452,420,223,245,0.8%,0.6%,3461
,,,Binguo 333 KM,-,AT,BEV,-,-,-,-,-,-,-,-,-,-,-,3,4,CKD,INA,-,-,-,-,-,-,-,-,-,-,-,566,0.1%,0.1%,566
,,,Binguo 410 KM,-,AT,BEV,-,-,-,-,-,-,-,-,-,-,-,3,4,CKD,INA,-,-,-,-,-,-,-,-,-,-,-,827,0.2%,0.1%,827
,,,Alvez 1.5 SE,1500,MT,G,-,-,-,-,-,-,-,-,4X2,FR,-,5,4,CKD,INA,-,10,120,-,99,92,46,57,38,37,135,44,0.2%,0.1%,678
,,,Alvez 1.5 CE,1500,CVT,G,-,-,-,-,-,-,-,-,4X2,FR,-,5,4,CKD,INA,-,-,-,-,242,153,98,31,65,58,156,137,0.2%,0.2%,940
,,,Alvez 1.5 EX,1500,CVT,G,-,-,-,-,-,-,-,-,4X2,FR,-,5,4,CKD,INA,-,140,1041,418,682,246,157,168,273,412,406,362,1%,0.8%,4305
,,,New Almaz RS Pro,1500,CVT,G,-,-,-,-,-,-,-,-,-,-,-,5,4,CKD,INA,-,-,-,-,-,-,-,-,104,36,28,13,0%,0%,181
,,,Almaz 1.5SE T  CVT,1500,AT,G,-,-,-,-,-,-,-,-,4X2,FR,-,5,4,CKD,INA,12,56,-,-,-,-,11,8,5,15,11,40,0%,0%,158
,,,Almaz 1.5SE T  MT,1500,MT,G,-,-,-,-,-,-,-,-,4X2,FR,-,5,4,CKD,INA,-,14,12,7,3,2,7,2,27,10,-,-,0%,0%,84
,,,Almaz RS 1.5T  EX,1500,AT,G,-,-,-,-,-,-,-,-,4X2,FR,-,5,4,CKD,INA,79,9,136,-,54,61,31,54,20,79,115,94,0.2%,0.1%,732
,,,Almaz RS 1.5T  Pro,1500,AT,G,-,-,-,-,-,-,-,-,4X2,FR,-,5,4,CKD,INA,3,50,47,31,6,37,23,23,5,-,10,67,0.1%,0.1%,302
,,TOTAL,,,,,,,,,,,,,,,,,,,,40573,37472,46811,25817,34990,34741,33708,37292,32672,33329,37876,39205,100%,78%,434486
,,CUMULATIVE,,,,,,,,,,,,,,,,,,,,40573,78045,124856,150673,185663,220404,254112,291404,324076,357405,395281,434486,,,
,,,,,,,,,,,,,,,,,,,,,,,,,,,,,,,,,,,,
(4X2) CC 1.501 -  2.500 [G/D] ...,,,,,,,,,,,,,,,,,,,,,,,,,,,,,,,,,,,,
2,,,,,,,,,,,,,,,,,,,,,,,,,,,,,,,,,,,,
